====================================================================================================
  B3 Competitor Throughput Matrix (same shapes as baseline suite)
  variants: ['catch22', 'tsfel', 'tsfel_matched', 'tsxtract_matched_tsfel', 'tsfresh_e2e', 'tsfresh_extract_only', 'tsfresh_matched', 'tsxtract_matched_tsfresh', 'antropy', 'tsflex', 'sktime_catch22']
  shapes: [(10, 500), (100, 500), (1000, 500), (10000, 500), (100, 100), (1000, 100), (100, 5000), (1, 100), (1, 10000)]
  dists: ['gaussian', 'random_walk', 'ar1', 'heavy_tailed', 'sinusoid']   threads: 16
  output: F:\Active Repo\Tsxtract\benches\results\throughput_competitors.jsonl
====================================================================================================
  [OK]      catch22                (catch22/default)
  [OK]      tsfel                  (tsfel/default)
  [OK]      tsfel_matched          (tsfel/matched)
  [OK]      tsxtract_matched_tsfel (tsxtract/matched_tsfel)
  [OK]      tsfresh_e2e            (tsfresh/efficient)
  [OK]      tsfresh_extract_only   (tsfresh/efficient)
  [OK]      tsfresh_matched        (tsfresh/matched)
  [OK]      tsxtract_matched_tsfresh (tsxtract/matched_tsfresh)
  [OK]      antropy                (antropy/default)
  [OK]      tsflex                 (tsflex/default)
  [OK]      sktime_catch22         (sktime/catch22)

Running 495 cases...

  [  1/495] catch22                     10x500    gaussian      (timeout 90s)... ok       median=    547.03 ms n_feat=22 µs/sf=2486.497
  [  2/495] tsfel                       10x500    gaussian      (timeout 90s)... ok       median=   3042.19 ms n_feat=156 µs/sf=1950.119
  [  3/495] tsfel_matched               10x500    gaussian      (timeout 90s)... ok       median=   3039.30 ms n_feat=13 µs/sf=23379.220
  [  4/495] tsxtract_matched_tsfel      10x500    gaussian      (timeout 90s)... ok       median=      0.52 ms n_feat=13 µs/sf=3.973
  [  5/495] tsfresh_e2e                 10x500    gaussian      (timeout 90s)... ok       median=   7086.14 ms n_feat=777 µs/sf=911.987
  [  6/495] tsfresh_extract_only        10x500    gaussian      (timeout 90s)... ok       median=   7185.05 ms n_feat=777 µs/sf=924.716
  [  7/495] tsfresh_matched             10x500    gaussian      (timeout 90s)... ok       median=   7190.46 ms n_feat=13 µs/sf=55311.206
  [  8/495] tsxtract_matched_tsfresh      10x500    gaussian      (timeout 90s)... ok       median=      0.51 ms n_feat=13 µs/sf=3.937
  [  9/495] antropy                     10x500    gaussian      (timeout 90s)... ok       median=     26.52 ms n_feat=8 µs/sf=331.538
  [ 10/495] tsflex                      10x500    gaussian      (timeout 90s)... ok       median=     41.38 ms n_feat=7 µs/sf=591.145
  [ 11/495] sktime_catch22              10x500    gaussian      (timeout 90s)... ok       median=     31.45 ms n_feat=22 µs/sf=142.966
  [ 12/495] catch22                     10x500    random_walk   (timeout 90s)... ok       median=    556.64 ms n_feat=22 µs/sf=2530.200
  [ 13/495] tsfel                       10x500    random_walk   (timeout 90s)... ok       median=   3060.86 ms n_feat=156 µs/sf=1962.092
  [ 14/495] tsfel_matched               10x500    random_walk   (timeout 90s)... ok       median=   2981.22 ms n_feat=13 µs/sf=22932.492
  [ 15/495] tsxtract_matched_tsfel      10x500    random_walk   (timeout 90s)... ok       median=      0.49 ms n_feat=13 µs/sf=3.785
  [ 16/495] tsfresh_e2e                 10x500    random_walk   (timeout 90s)... ok       median=   7292.09 ms n_feat=777 µs/sf=938.493
  [ 17/495] tsfresh_extract_only        10x500    random_walk   (timeout 90s)... ok       median=   7367.09 ms n_feat=777 µs/sf=948.146
  [ 18/495] tsfresh_matched             10x500    random_walk   (timeout 90s)... ok       median=   7233.05 ms n_feat=13 µs/sf=55638.838
  [ 19/495] tsxtract_matched_tsfresh      10x500    random_walk   (timeout 90s)... ok       median=      0.52 ms n_feat=13 µs/sf=4.027
  [ 20/495] antropy                     10x500    random_walk   (timeout 90s)... ok       median=     30.35 ms n_feat=8 µs/sf=379.352
  [ 21/495] tsflex                      10x500    random_walk   (timeout 90s)... ok       median=     41.31 ms n_feat=7 µs/sf=590.075
  [ 22/495] sktime_catch22              10x500    random_walk   (timeout 90s)... ok       median=     51.62 ms n_feat=22 µs/sf=234.634
  [ 23/495] catch22                     10x500    ar1           (timeout 90s)... ok       median=    551.96 ms n_feat=22 µs/sf=2508.894
  [ 24/495] tsfel                       10x500    ar1           (timeout 90s)... ok       median=   3072.34 ms n_feat=156 µs/sf=1969.447
  [ 25/495] tsfel_matched               10x500    ar1           (timeout 90s)... ok       median=   2998.53 ms n_feat=13 µs/sf=23065.582
  [ 26/495] tsxtract_matched_tsfel      10x500    ar1           (timeout 90s)... ok       median=      0.49 ms n_feat=13 µs/sf=3.795
  [ 27/495] tsfresh_e2e                 10x500    ar1           (timeout 90s)... ok       median=   7168.83 ms n_feat=777 µs/sf=922.629
  [ 28/495] tsfresh_extract_only        10x500    ar1           (timeout 90s)... ok       median=   7256.93 ms n_feat=777 µs/sf=933.968
  [ 29/495] tsfresh_matched             10x500    ar1           (timeout 90s)... ok       median=   7143.97 ms n_feat=13 µs/sf=54953.588
  [ 30/495] tsxtract_matched_tsfresh      10x500    ar1           (timeout 90s)... ok       median=      0.52 ms n_feat=13 µs/sf=3.973
  [ 31/495] antropy                     10x500    ar1           (timeout 90s)... ok       median=     27.38 ms n_feat=8 µs/sf=342.273
  [ 32/495] tsflex                      10x500    ar1           (timeout 90s)... ok       median=     41.43 ms n_feat=7 µs/sf=591.811
  [ 33/495] sktime_catch22              10x500    ar1           (timeout 90s)... ok       median=     30.90 ms n_feat=22 µs/sf=140.472
  [ 34/495] catch22                     10x500    heavy_tailed  (timeout 90s)... ok       median=    571.23 ms n_feat=22 µs/sf=2596.496
  [ 35/495] tsfel                       10x500    heavy_tailed  (timeout 90s)... ok       median=   3032.39 ms n_feat=156 µs/sf=1943.840
  [ 36/495] tsfel_matched               10x500    heavy_tailed  (timeout 90s)... ok       median=   2970.70 ms n_feat=13 µs/sf=22851.529
  [ 37/495] tsxtract_matched_tsfel      10x500    heavy_tailed  (timeout 90s)... ok       median=      0.49 ms n_feat=13 µs/sf=3.735
  [ 38/495] tsfresh_e2e                 10x500    heavy_tailed  (timeout 90s)... ok       median=   7015.16 ms n_feat=777 µs/sf=902.852
  [ 39/495] tsfresh_extract_only        10x500    heavy_tailed  (timeout 90s)... ok       median=   7408.66 ms n_feat=777 µs/sf=953.495
  [ 40/495] tsfresh_matched             10x500    heavy_tailed  (timeout 90s)... ok       median=   7394.16 ms n_feat=13 µs/sf=56878.144
  [ 41/495] tsxtract_matched_tsfresh      10x500    heavy_tailed  (timeout 90s)... ok       median=      0.53 ms n_feat=13 µs/sf=4.093
  [ 42/495] antropy                     10x500    heavy_tailed  (timeout 90s)... ok       median=     28.75 ms n_feat=8 µs/sf=359.412
  [ 43/495] tsflex                      10x500    heavy_tailed  (timeout 90s)... ok       median=     41.35 ms n_feat=7 µs/sf=590.690
  [ 44/495] sktime_catch22              10x500    heavy_tailed  (timeout 90s)... ok       median=     36.27 ms n_feat=22 µs/sf=164.873
  [ 45/495] catch22                     10x500    sinusoid      (timeout 90s)... ok       median=    537.38 ms n_feat=22 µs/sf=2442.625
  [ 46/495] tsfel                       10x500    sinusoid      (timeout 90s)... ok       median=   3077.57 ms n_feat=156 µs/sf=1972.799
  [ 47/495] tsfel_matched               10x500    sinusoid      (timeout 90s)... ok       median=   3100.78 ms n_feat=13 µs/sf=23852.166
  [ 48/495] tsxtract_matched_tsfel      10x500    sinusoid      (timeout 90s)... ok       median=      0.48 ms n_feat=13 µs/sf=3.715
  [ 49/495] tsfresh_e2e                 10x500    sinusoid      (timeout 90s)... ok       median=   7193.57 ms n_feat=777 µs/sf=925.814
  [ 50/495] tsfresh_extract_only        10x500    sinusoid      (timeout 90s)... ok       median=   7224.89 ms n_feat=777 µs/sf=929.845
  [ 51/495] tsfresh_matched             10x500    sinusoid      (timeout 90s)... ok       median=   7101.58 ms n_feat=13 µs/sf=54627.551
  [ 52/495] tsxtract_matched_tsfresh      10x500    sinusoid      (timeout 90s)... ok       median=      0.64 ms n_feat=13 µs/sf=4.918
  [ 53/495] antropy                     10x500    sinusoid      (timeout 90s)... ok       median=     30.55 ms n_feat=8 µs/sf=381.877
  [ 54/495] tsflex                      10x500    sinusoid      (timeout 90s)... ok       median=     42.16 ms n_feat=7 µs/sf=602.214
  [ 55/495] sktime_catch22              10x500    sinusoid      (timeout 90s)... ok       median=     28.80 ms n_feat=22 µs/sf=130.930
  [ 56/495] catch22                    100x500    gaussian      (timeout 90s)... ok       median=    647.77 ms n_feat=22 µs/sf=294.443
  [ 57/495] tsfel                      100x500    gaussian      (timeout 90s)... ok       median=   2378.65 ms n_feat=156 µs/sf=152.477
  [ 58/495] tsfel_matched              100x500    gaussian      (timeout 90s)... ok       median=   2188.16 ms n_feat=13 µs/sf=1683.200
  [ 59/495] tsxtract_matched_tsfel     100x500    gaussian      (timeout 90s)... ok       median=      0.92 ms n_feat=13 µs/sf=0.708
  [ 60/495] tsfresh_e2e                100x500    gaussian      (timeout 90s)... ok       median=   8250.32 ms n_feat=777 µs/sf=106.182
  [ 61/495] tsfresh_extract_only       100x500    gaussian      (timeout 90s)... ok       median=   8349.52 ms n_feat=777 µs/sf=107.458
  [ 62/495] tsfresh_matched            100x500    gaussian      (timeout 90s)... ok       median=   7175.33 ms n_feat=13 µs/sf=5519.488
  [ 63/495] tsxtract_matched_tsfresh     100x500    gaussian      (timeout 90s)... ok       median=      0.99 ms n_feat=13 µs/sf=0.758
  [ 64/495] antropy                    100x500    gaussian      (timeout 90s)... ok       median=    265.05 ms n_feat=8 µs/sf=331.309
  [ 65/495] tsflex                     100x500    gaussian      (timeout 90s)... ok       median=    433.64 ms n_feat=7 µs/sf=619.481
  [ 66/495] sktime_catch22             100x500    gaussian      (timeout 90s)... ok       median=    258.96 ms n_feat=22 µs/sf=117.707
  [ 67/495] catch22                    100x500    random_walk   (timeout 90s)... ok       median=    650.44 ms n_feat=22 µs/sf=295.654
  [ 68/495] tsfel                      100x500    random_walk   (timeout 90s)... ok       median=   2408.35 ms n_feat=156 µs/sf=154.381
  [ 69/495] tsfel_matched              100x500    random_walk   (timeout 90s)... ok       median=   2207.82 ms n_feat=13 µs/sf=1698.320
  [ 70/495] tsxtract_matched_tsfel     100x500    random_walk   (timeout 90s)... ok       median=      0.99 ms n_feat=13 µs/sf=0.763
  [ 71/495] tsfresh_e2e                100x500    random_walk   (timeout 90s)... ok       median=   8293.30 ms n_feat=777 µs/sf=106.735
  [ 72/495] tsfresh_extract_only       100x500    random_walk   (timeout 90s)... ok       median=   8417.08 ms n_feat=777 µs/sf=108.328
  [ 73/495] tsfresh_matched            100x500    random_walk   (timeout 90s)... ok       median=   7052.85 ms n_feat=13 µs/sf=5425.269
  [ 74/495] tsxtract_matched_tsfresh     100x500    random_walk   (timeout 90s)... ok       median=      1.12 ms n_feat=13 µs/sf=0.861
  [ 75/495] antropy                    100x500    random_walk   (timeout 90s)... ok       median=    306.17 ms n_feat=8 µs/sf=382.708
  [ 76/495] tsflex                     100x500    random_walk   (timeout 90s)... ok       median=    414.82 ms n_feat=7 µs/sf=592.598
  [ 77/495] sktime_catch22             100x500    random_walk   (timeout 90s)... ok       median=    468.73 ms n_feat=22 µs/sf=213.059
  [ 78/495] catch22                    100x500    ar1           (timeout 90s)... ok       median=    635.52 ms n_feat=22 µs/sf=288.871
  [ 79/495] tsfel                      100x500    ar1           (timeout 90s)... ok       median=   2377.41 ms n_feat=156 µs/sf=152.398
  [ 80/495] tsfel_matched              100x500    ar1           (timeout 90s)... ok       median=   2290.45 ms n_feat=13 µs/sf=1761.887
  [ 81/495] tsxtract_matched_tsfel     100x500    ar1           (timeout 90s)... ok       median=      1.13 ms n_feat=13 µs/sf=0.867
  [ 82/495] tsfresh_e2e                100x500    ar1           (timeout 90s)... ok       median=   8288.23 ms n_feat=777 µs/sf=106.670
  [ 83/495] tsfresh_extract_only       100x500    ar1           (timeout 90s)... ok       median=   8485.50 ms n_feat=777 µs/sf=109.208
  [ 84/495] tsfresh_matched            100x500    ar1           (timeout 90s)... ok       median=   7279.65 ms n_feat=13 µs/sf=5599.733
  [ 85/495] tsxtract_matched_tsfresh     100x500    ar1           (timeout 90s)... ok       median=      0.97 ms n_feat=13 µs/sf=0.750
  [ 86/495] antropy                    100x500    ar1           (timeout 90s)... ok       median=    272.70 ms n_feat=8 µs/sf=340.869
  [ 87/495] tsflex                     100x500    ar1           (timeout 90s)... ok       median=    418.01 ms n_feat=7 µs/sf=597.161
  [ 88/495] sktime_catch22             100x500    ar1           (timeout 90s)... ok       median=    260.70 ms n_feat=22 µs/sf=118.501
  [ 89/495] catch22                    100x500    heavy_tailed  (timeout 90s)... ok       median=    637.66 ms n_feat=22 µs/sf=289.846
  [ 90/495] tsfel                      100x500    heavy_tailed  (timeout 90s)... ok       median=   2385.78 ms n_feat=156 µs/sf=152.935
  [ 91/495] tsfel_matched              100x500    heavy_tailed  (timeout 90s)... ok       median=   2189.84 ms n_feat=13 µs/sf=1684.493
  [ 92/495] tsxtract_matched_tsfel     100x500    heavy_tailed  (timeout 90s)... ok       median=      0.96 ms n_feat=13 µs/sf=0.738
  [ 93/495] tsfresh_e2e                100x500    heavy_tailed  (timeout 90s)... ok       median=   8375.29 ms n_feat=777 µs/sf=107.790
  [ 94/495] tsfresh_extract_only       100x500    heavy_tailed  (timeout 90s)... ok       median=   8396.58 ms n_feat=777 µs/sf=108.064
  [ 95/495] tsfresh_matched            100x500    heavy_tailed  (timeout 90s)... ok       median=   7397.56 ms n_feat=13 µs/sf=5690.432
  [ 96/495] tsxtract_matched_tsfresh     100x500    heavy_tailed  (timeout 90s)... ok       median=      1.05 ms n_feat=13 µs/sf=0.810
  [ 97/495] antropy                    100x500    heavy_tailed  (timeout 90s)... ok       median=    293.77 ms n_feat=8 µs/sf=367.213
  [ 98/495] tsflex                     100x500    heavy_tailed  (timeout 90s)... ok       median=    419.73 ms n_feat=7 µs/sf=599.610
  [ 99/495] sktime_catch22             100x500    heavy_tailed  (timeout 90s)... ok       median=    320.74 ms n_feat=22 µs/sf=145.789
  [100/495] catch22                    100x500    sinusoid      (timeout 90s)... ok       median=    650.72 ms n_feat=22 µs/sf=295.781
  [101/495] tsfel                      100x500    sinusoid      (timeout 90s)... ok       median=   2481.28 ms n_feat=156 µs/sf=159.056
  [102/495] tsfel_matched              100x500    sinusoid      (timeout 90s)... ok       median=   2211.68 ms n_feat=13 µs/sf=1701.293
  [103/495] tsxtract_matched_tsfel     100x500    sinusoid      (timeout 90s)... ok       median=      0.89 ms n_feat=13 µs/sf=0.687
  [104/495] tsfresh_e2e                100x500    sinusoid      (timeout 90s)... ok       median=   8445.82 ms n_feat=777 µs/sf=108.698
  [105/495] tsfresh_extract_only       100x500    sinusoid      (timeout 90s)... ok       median=   8429.44 ms n_feat=777 µs/sf=108.487
  [106/495] tsfresh_matched            100x500    sinusoid      (timeout 90s)... ok       median=   7210.97 ms n_feat=13 µs/sf=5546.899
  [107/495] tsxtract_matched_tsfresh     100x500    sinusoid      (timeout 90s)... ok       median=      1.09 ms n_feat=13 µs/sf=0.837
  [108/495] antropy                    100x500    sinusoid      (timeout 90s)... ok       median=    306.24 ms n_feat=8 µs/sf=382.801
  [109/495] tsflex                     100x500    sinusoid      (timeout 90s)... ok       median=    422.67 ms n_feat=7 µs/sf=603.813
  [110/495] sktime_catch22             100x500    sinusoid      (timeout 90s)... ok       median=    226.36 ms n_feat=22 µs/sf=102.893
  [111/495] catch22                   1000x500    gaussian      (timeout 120s)... ok       median=    753.12 ms n_feat=22 µs/sf=34.233
  [112/495] tsfel                     1000x500    gaussian      (timeout 120s)... ok       median=   4349.91 ms n_feat=156 µs/sf=27.884
  [113/495] tsfel_matched             1000x500    gaussian      (timeout 120s)... ok       median=   2504.09 ms n_feat=13 µs/sf=192.622
  [114/495] tsxtract_matched_tsfel    1000x500    gaussian      (timeout 120s)... ok       median=      2.81 ms n_feat=13 µs/sf=0.216
  [115/495] tsfresh_e2e               1000x500    gaussian      (timeout 170s)... ok       median=  19537.37 ms n_feat=777 µs/sf=25.145
  [116/495] tsfresh_extract_only      1000x500    gaussian      (timeout 170s)... ok       median=  19758.46 ms n_feat=777 µs/sf=25.429
  [117/495] tsfresh_matched           1000x500    gaussian      (timeout 170s)... ok       median=   7595.67 ms n_feat=13 µs/sf=584.282
  [118/495] tsxtract_matched_tsfresh    1000x500    gaussian      (timeout 120s)... ok       median=      3.16 ms n_feat=13 µs/sf=0.243
  [119/495] antropy                   1000x500    gaussian      (timeout 120s)... ok       median=   2657.18 ms n_feat=8 µs/sf=332.148
  [120/495] tsflex                    1000x500    gaussian      (timeout 120s)... ok       median=   4163.66 ms n_feat=7 µs/sf=594.809
  [121/495] sktime_catch22            1000x500    gaussian      (timeout 170s)... ok       median=   2476.68 ms n_feat=22 µs/sf=112.577
  [122/495] catch22                   1000x500    random_walk   (timeout 120s)... ok       median=    733.66 ms n_feat=22 µs/sf=33.348
  [123/495] tsfel                     1000x500    random_walk   (timeout 120s)... ok       median=   4294.83 ms n_feat=156 µs/sf=27.531
  [124/495] tsfel_matched             1000x500    random_walk   (timeout 120s)... ok       median=   2465.36 ms n_feat=13 µs/sf=189.643
  [125/495] tsxtract_matched_tsfel    1000x500    random_walk   (timeout 120s)... ok       median=      2.51 ms n_feat=13 µs/sf=0.193
  [126/495] tsfresh_e2e               1000x500    random_walk   (timeout 170s)... ok       median=  19071.44 ms n_feat=777 µs/sf=24.545
  [127/495] tsfresh_extract_only      1000x500    random_walk   (timeout 170s)... ok       median=  19508.89 ms n_feat=777 µs/sf=25.108
  [128/495] tsfresh_matched           1000x500    random_walk   (timeout 170s)... ok       median=   7281.89 ms n_feat=13 µs/sf=560.146
  [129/495] tsxtract_matched_tsfresh    1000x500    random_walk   (timeout 120s)... ok       median=      3.45 ms n_feat=13 µs/sf=0.266
  [130/495] antropy                   1000x500    random_walk   (timeout 120s)... ok       median=   3041.60 ms n_feat=8 µs/sf=380.200
  [131/495] tsflex                    1000x500    random_walk   (timeout 120s)... ok       median=   4152.00 ms n_feat=7 µs/sf=593.143
  [132/495] sktime_catch22            1000x500    random_walk   (timeout 170s)... ok       median=   4383.32 ms n_feat=22 µs/sf=199.242
  [133/495] catch22                   1000x500    ar1           (timeout 120s)... ok       median=    738.64 ms n_feat=22 µs/sf=33.574
  [134/495] tsfel                     1000x500    ar1           (timeout 120s)... ok       median=   4299.18 ms n_feat=156 µs/sf=27.559
  [135/495] tsfel_matched             1000x500    ar1           (timeout 120s)... ok       median=   2448.53 ms n_feat=13 µs/sf=188.348
  [136/495] tsxtract_matched_tsfel    1000x500    ar1           (timeout 120s)... ok       median=      2.47 ms n_feat=13 µs/sf=0.190
  [137/495] tsfresh_e2e               1000x500    ar1           (timeout 170s)... ok       median=  19316.14 ms n_feat=777 µs/sf=24.860
  [138/495] tsfresh_extract_only      1000x500    ar1           (timeout 170s)... ok       median=  18354.70 ms n_feat=777 µs/sf=23.623
  [139/495] tsfresh_matched           1000x500    ar1           (timeout 170s)... ok       median=   7458.68 ms n_feat=13 µs/sf=573.744
  [140/495] tsxtract_matched_tsfresh    1000x500    ar1           (timeout 120s)... ok       median=      3.09 ms n_feat=13 µs/sf=0.238
  [141/495] antropy                   1000x500    ar1           (timeout 120s)... ok       median=   2729.52 ms n_feat=8 µs/sf=341.190
  [142/495] tsflex                    1000x500    ar1           (timeout 120s)... ok       median=   4108.19 ms n_feat=7 µs/sf=586.884
  [143/495] sktime_catch22            1000x500    ar1           (timeout 170s)... ok       median=   2509.78 ms n_feat=22 µs/sf=114.081
  [144/495] catch22                   1000x500    heavy_tailed  (timeout 120s)... ok       median=    721.08 ms n_feat=22 µs/sf=32.776
  [145/495] tsfel                     1000x500    heavy_tailed  (timeout 120s)... ok       median=   4233.71 ms n_feat=156 µs/sf=27.139
  [146/495] tsfel_matched             1000x500    heavy_tailed  (timeout 120s)... ok       median=   2501.11 ms n_feat=13 µs/sf=192.393
  [147/495] tsxtract_matched_tsfel    1000x500    heavy_tailed  (timeout 120s)... ok       median=      2.69 ms n_feat=13 µs/sf=0.207
  [148/495] tsfresh_e2e               1000x500    heavy_tailed  (timeout 170s)... ok       median=  19487.86 ms n_feat=777 µs/sf=25.081
  [149/495] tsfresh_extract_only      1000x500    heavy_tailed  (timeout 170s)... ok       median=  19698.59 ms n_feat=777 µs/sf=25.352
  [150/495] tsfresh_matched           1000x500    heavy_tailed  (timeout 170s)... ok       median=   7511.10 ms n_feat=13 µs/sf=577.777
  [151/495] tsxtract_matched_tsfresh    1000x500    heavy_tailed  (timeout 120s)... ok       median=      3.13 ms n_feat=13 µs/sf=0.241
  [152/495] antropy                   1000x500    heavy_tailed  (timeout 120s)... ok       median=   2948.65 ms n_feat=8 µs/sf=368.581
  [153/495] tsflex                    1000x500    heavy_tailed  (timeout 120s)... ok       median=   4169.63 ms n_feat=7 µs/sf=595.662
  [154/495] sktime_catch22            1000x500    heavy_tailed  (timeout 170s)... ok       median=   3076.53 ms n_feat=22 µs/sf=139.842
  [155/495] catch22                   1000x500    sinusoid      (timeout 120s)... ok       median=    690.67 ms n_feat=22 µs/sf=31.394
  [156/495] tsfel                     1000x500    sinusoid      (timeout 120s)... ok       median=   4278.28 ms n_feat=156 µs/sf=27.425
  [157/495] tsfel_matched             1000x500    sinusoid      (timeout 120s)... ok       median=   2500.52 ms n_feat=13 µs/sf=192.348
  [158/495] tsxtract_matched_tsfel    1000x500    sinusoid      (timeout 120s)... ok       median=      2.50 ms n_feat=13 µs/sf=0.193
  [159/495] tsfresh_e2e               1000x500    sinusoid      (timeout 170s)... ok       median=  19154.68 ms n_feat=777 µs/sf=24.652
  [160/495] tsfresh_extract_only      1000x500    sinusoid      (timeout 170s)... ok       median=  18359.89 ms n_feat=777 µs/sf=23.629
  [161/495] tsfresh_matched           1000x500    sinusoid      (timeout 170s)... ok       median=   7391.11 ms n_feat=13 µs/sf=568.547
  [162/495] tsxtract_matched_tsfresh    1000x500    sinusoid      (timeout 120s)... ok       median=      2.95 ms n_feat=13 µs/sf=0.227
  [163/495] antropy                   1000x500    sinusoid      (timeout 120s)... ok       median=   3044.55 ms n_feat=8 µs/sf=380.569
  [164/495] tsflex                    1000x500    sinusoid      (timeout 120s)... ok       median=   4233.55 ms n_feat=7 µs/sf=604.793
  [165/495] sktime_catch22            1000x500    sinusoid      (timeout 170s)... ok       median=   2226.75 ms n_feat=22 µs/sf=101.216
  [166/495] catch22                  10000x500    gaussian      (timeout 60s)... ok       median=   2082.84 ms n_feat=22 µs/sf=9.467
  [167/495] tsfel                    10000x500    gaussian      (timeout 60s)... ok       median=  23508.82 ms n_feat=156 µs/sf=15.070
  [168/495] tsfel_matched            10000x500    gaussian      (timeout 60s)... ok       median=   5367.17 ms n_feat=13 µs/sf=41.286
  [169/495] tsxtract_matched_tsfel   10000x500    gaussian      (timeout 60s)... ok       median=     18.21 ms n_feat=13 µs/sf=0.140
  [170/495] tsfresh_e2e              10000x500    gaussian      (timeout 60s)... timeout  median=       nan ms TimeoutExpired: case exceeded 60s wall clock (recorded as explicit timeout row)
  [171/495] tsfresh_extract_only     10000x500    gaussian      (timeout 60s)... timeout  median=       nan ms TimeoutExpired: case exceeded 60s wall clock (recorded as explicit timeout row)
  [172/495] tsfresh_matched          10000x500    gaussian      (timeout 60s)... ok       median=   9933.28 ms n_feat=13 µs/sf=76.410
  [173/495] tsxtract_matched_tsfresh   10000x500    gaussian      (timeout 60s)... ok       median=     23.02 ms n_feat=13 µs/sf=0.177
  [174/495] antropy                  10000x500    gaussian      (timeout 60s)... ok       median=  26189.39 ms n_feat=8 µs/sf=327.367
  [175/495] tsflex                   10000x500    gaussian      (timeout 60s)... timeout  median=       nan ms TimeoutExpired: case exceeded 60s wall clock (recorded as explicit timeout row)
  [176/495] sktime_catch22           10000x500    gaussian      (timeout 60s)... ok       median=  23388.98 ms n_feat=22 µs/sf=106.314
  [177/495] catch22                  10000x500    random_walk   (timeout 60s)... ok       median=   1885.05 ms n_feat=22 µs/sf=8.568
  [178/495] tsfel                    10000x500    random_walk   (timeout 60s)... ok       median=  22618.52 ms n_feat=156 µs/sf=14.499
  [179/495] tsfel_matched            10000x500    random_walk   (timeout 60s)... ok       median=   5166.79 ms n_feat=13 µs/sf=39.745
  [180/495] tsxtract_matched_tsfel   10000x500    random_walk   (timeout 60s)... ok       median=     18.32 ms n_feat=13 µs/sf=0.141
  [181/495] tsfresh_e2e              10000x500    random_walk   (timeout 60s)... timeout  median=       nan ms TimeoutExpired: case exceeded 60s wall clock (recorded as explicit timeout row)
  [182/495] tsfresh_extract_only     10000x500    random_walk   (timeout 60s)... timeout  median=       nan ms TimeoutExpired: case exceeded 60s wall clock (recorded as explicit timeout row)
  [183/495] tsfresh_matched          10000x500    random_walk   (timeout 60s)... ok       median=   8045.82 ms n_feat=13 µs/sf=61.891
  [184/495] tsxtract_matched_tsfresh   10000x500    random_walk   (timeout 60s)... ok       median=     22.01 ms n_feat=13 µs/sf=0.169
  [185/495] antropy                  10000x500    random_walk   (timeout 60s)... timeout  median=       nan ms TimeoutExpired: case exceeded 60s wall clock (recorded as explicit timeout row)
  [186/495] tsflex                   10000x500    random_walk   (timeout 60s)... timeout  median=       nan ms TimeoutExpired: case exceeded 60s wall clock (recorded as explicit timeout row)
  [187/495] sktime_catch22           10000x500    random_walk   (timeout 60s)... ok       median=  42925.15 ms n_feat=22 µs/sf=195.114
  [188/495] catch22                  10000x500    ar1           (timeout 60s)... ok       median=   1891.32 ms n_feat=22 µs/sf=8.597
  [189/495] tsfel                    10000x500    ar1           (timeout 60s)... ok       median=  22211.15 ms n_feat=156 µs/sf=14.238
  [190/495] tsfel_matched            10000x500    ar1           (timeout 60s)... ok       median=   5136.25 ms n_feat=13 µs/sf=39.510
  [191/495] tsxtract_matched_tsfel   10000x500    ar1           (timeout 60s)... ok       median=     17.62 ms n_feat=13 µs/sf=0.136
  [192/495] tsfresh_e2e              10000x500    ar1           (timeout 60s)... timeout  median=       nan ms TimeoutExpired: case exceeded 60s wall clock (recorded as explicit timeout row)
  [193/495] tsfresh_extract_only     10000x500    ar1           (timeout 60s)... timeout  median=       nan ms TimeoutExpired: case exceeded 60s wall clock (recorded as explicit timeout row)
  [194/495] tsfresh_matched          10000x500    ar1           (timeout 60s)... ok       median=   8949.57 ms n_feat=13 µs/sf=68.843
  [195/495] tsxtract_matched_tsfresh   10000x500    ar1           (timeout 60s)... ok       median=     22.14 ms n_feat=13 µs/sf=0.170
  [196/495] antropy                  10000x500    ar1           (timeout 60s)... ok       median=  26095.73 ms n_feat=8 µs/sf=326.197
  [197/495] tsflex                   10000x500    ar1           (timeout 60s)... timeout  median=       nan ms TimeoutExpired: case exceeded 60s wall clock (recorded as explicit timeout row)
  [198/495] sktime_catch22           10000x500    ar1           (timeout 60s)... ok       median=  24213.80 ms n_feat=22 µs/sf=110.063
  [199/495] catch22                  10000x500    heavy_tailed  (timeout 60s)... ok       median=   2032.77 ms n_feat=22 µs/sf=9.240
  [200/495] tsfel                    10000x500    heavy_tailed  (timeout 60s)... ok       median=  22151.29 ms n_feat=156 µs/sf=14.200
  [201/495] tsfel_matched            10000x500    heavy_tailed  (timeout 60s)... ok       median=   5262.45 ms n_feat=13 µs/sf=40.480
  [202/495] tsxtract_matched_tsfel   10000x500    heavy_tailed  (timeout 60s)... ok       median=     18.07 ms n_feat=13 µs/sf=0.139
  [203/495] tsfresh_e2e              10000x500    heavy_tailed  (timeout 60s)... timeout  median=       nan ms TimeoutExpired: case exceeded 60s wall clock (recorded as explicit timeout row)
  [204/495] tsfresh_extract_only     10000x500    heavy_tailed  (timeout 60s)... timeout  median=       nan ms TimeoutExpired: case exceeded 60s wall clock (recorded as explicit timeout row)
  [205/495] tsfresh_matched          10000x500    heavy_tailed  (timeout 60s)... ok       median=  10057.11 ms n_feat=13 µs/sf=77.362
  [206/495] tsxtract_matched_tsfresh   10000x500    heavy_tailed  (timeout 60s)... ok       median=     23.02 ms n_feat=13 µs/sf=0.177
  [207/495] antropy                  10000x500    heavy_tailed  (timeout 60s)... timeout  median=       nan ms TimeoutExpired: case exceeded 60s wall clock (recorded as explicit timeout row)
  [208/495] tsflex                   10000x500    heavy_tailed  (timeout 60s)... timeout  median=       nan ms TimeoutExpired: case exceeded 60s wall clock (recorded as explicit timeout row)
  [209/495] sktime_catch22           10000x500    heavy_tailed  (timeout 60s)... ok       median=  29662.79 ms n_feat=22 µs/sf=134.831
  [210/495] catch22                  10000x500    sinusoid      (timeout 60s)... ok       median=   1891.92 ms n_feat=22 µs/sf=8.600
  [211/495] tsfel                    10000x500    sinusoid      (timeout 60s)... ok       median=  22391.58 ms n_feat=156 µs/sf=14.354
  [212/495] tsfel_matched            10000x500    sinusoid      (timeout 60s)... ok       median=   5201.49 ms n_feat=13 µs/sf=40.011
  [213/495] tsxtract_matched_tsfel   10000x500    sinusoid      (timeout 60s)... ok       median=     17.79 ms n_feat=13 µs/sf=0.137
  [214/495] tsfresh_e2e              10000x500    sinusoid      (timeout 60s)... timeout  median=       nan ms TimeoutExpired: case exceeded 60s wall clock (recorded as explicit timeout row)
  [215/495] tsfresh_extract_only     10000x500    sinusoid      (timeout 60s)... timeout  median=       nan ms TimeoutExpired: case exceeded 60s wall clock (recorded as explicit timeout row)
  [216/495] tsfresh_matched          10000x500    sinusoid      (timeout 60s)... ok       median=   7919.18 ms n_feat=13 µs/sf=60.917
  [217/495] tsxtract_matched_tsfresh   10000x500    sinusoid      (timeout 60s)... ok       median=     22.43 ms n_feat=13 µs/sf=0.173
  [218/495] antropy                  10000x500    sinusoid      (timeout 60s)... timeout  median=       nan ms TimeoutExpired: case exceeded 60s wall clock (recorded as explicit timeout row)
  [219/495] tsflex                   10000x500    sinusoid      (timeout 60s)... timeout  median=       nan ms TimeoutExpired: case exceeded 60s wall clock (recorded as explicit timeout row)
  [220/495] sktime_catch22           10000x500    sinusoid      (timeout 60s)... ok       median=  21198.58 ms n_feat=22 µs/sf=96.357
  [221/495] catch22                    100x100    gaussian      (timeout 90s)... ok       median=    586.47 ms n_feat=22 µs/sf=266.576
  [222/495] tsfel                      100x100    gaussian      (timeout 90s)... ok       median=   2225.18 ms n_feat=156 µs/sf=142.640
  [223/495] tsfel_matched              100x100    gaussian      (timeout 90s)... ok       median=   2101.22 ms n_feat=13 µs/sf=1616.322
  [224/495] tsxtract_matched_tsfel     100x100    gaussian      (timeout 90s)... ok       median=      0.58 ms n_feat=13 µs/sf=0.447
  [225/495] tsfresh_e2e                100x100    gaussian      (timeout 90s)... ok       median=   7648.62 ms n_feat=777 µs/sf=98.438
  [226/495] tsfresh_extract_only       100x100    gaussian      (timeout 90s)... ok       median=   7743.59 ms n_feat=777 µs/sf=99.660
  [227/495] tsfresh_matched            100x100    gaussian      (timeout 90s)... ok       median=   6881.43 ms n_feat=13 µs/sf=5293.409
  [228/495] tsxtract_matched_tsfresh     100x100    gaussian      (timeout 90s)... ok       median=      0.64 ms n_feat=13 µs/sf=0.494
  [229/495] antropy                    100x100    gaussian      (timeout 90s)... ok       median=     75.35 ms n_feat=8 µs/sf=94.187
  [230/495] tsflex                     100x100    gaussian      (timeout 90s)... ok       median=    400.75 ms n_feat=7 µs/sf=572.495
  [231/495] sktime_catch22             100x100    gaussian      (timeout 90s)... ok       median=    186.95 ms n_feat=22 µs/sf=84.979
  [232/495] catch22                    100x100    random_walk   (timeout 90s)... ok       median=    632.20 ms n_feat=22 µs/sf=287.365
  [233/495] tsfel                      100x100    random_walk   (timeout 90s)... ok       median=   2335.03 ms n_feat=156 µs/sf=149.681
  [234/495] tsfel_matched              100x100    random_walk   (timeout 90s)... ok       median=   2161.60 ms n_feat=13 µs/sf=1662.770
  [235/495] tsxtract_matched_tsfel     100x100    random_walk   (timeout 90s)... ok       median=      0.63 ms n_feat=13 µs/sf=0.484
  [236/495] tsfresh_e2e                100x100    random_walk   (timeout 90s)... ok       median=   7839.76 ms n_feat=777 µs/sf=100.898
  [237/495] tsfresh_extract_only       100x100    random_walk   (timeout 90s)... ok       median=   7850.04 ms n_feat=777 µs/sf=101.030
  [238/495] tsfresh_matched            100x100    random_walk   (timeout 90s)... ok       median=   7129.58 ms n_feat=13 µs/sf=5484.289
  [239/495] tsxtract_matched_tsfresh     100x100    random_walk   (timeout 90s)... ok       median=      0.70 ms n_feat=13 µs/sf=0.538
  [240/495] antropy                    100x100    random_walk   (timeout 90s)... ok       median=     77.51 ms n_feat=8 µs/sf=96.885
  [241/495] tsflex                     100x100    random_walk   (timeout 90s)... ok       median=    403.88 ms n_feat=7 µs/sf=576.972
  [242/495] sktime_catch22             100x100    random_walk   (timeout 90s)... ok       median=    225.84 ms n_feat=22 µs/sf=102.655
  [243/495] catch22                    100x100    ar1           (timeout 90s)... ok       median=    621.21 ms n_feat=22 µs/sf=282.369
  [244/495] tsfel                      100x100    ar1           (timeout 90s)... ok       median=   2376.17 ms n_feat=156 µs/sf=152.319
  [245/495] tsfel_matched              100x100    ar1           (timeout 90s)... ok       median=   2170.69 ms n_feat=13 µs/sf=1669.759
  [246/495] tsxtract_matched_tsfel     100x100    ar1           (timeout 90s)... ok       median=      0.58 ms n_feat=13 µs/sf=0.450
  [247/495] tsfresh_e2e                100x100    ar1           (timeout 90s)... ok       median=   7968.45 ms n_feat=777 µs/sf=102.554
  [248/495] tsfresh_extract_only       100x100    ar1           (timeout 90s)... ok       median=   7898.77 ms n_feat=777 µs/sf=101.657
  [249/495] tsfresh_matched            100x100    ar1           (timeout 90s)... ok       median=   7104.26 ms n_feat=13 µs/sf=5464.817
  [250/495] tsxtract_matched_tsfresh     100x100    ar1           (timeout 90s)... ok       median=      0.67 ms n_feat=13 µs/sf=0.517
  [251/495] antropy                    100x100    ar1           (timeout 90s)... ok       median=     77.81 ms n_feat=8 µs/sf=97.261
  [252/495] tsflex                     100x100    ar1           (timeout 90s)... ok       median=    409.99 ms n_feat=7 µs/sf=585.705
  [253/495] sktime_catch22             100x100    ar1           (timeout 90s)... ok       median=    193.55 ms n_feat=22 µs/sf=87.977
  [254/495] catch22                    100x100    heavy_tailed  (timeout 90s)... ok       median=    633.20 ms n_feat=22 µs/sf=287.818
  [255/495] tsfel                      100x100    heavy_tailed  (timeout 90s)... ok       median=   2330.03 ms n_feat=156 µs/sf=149.361
  [256/495] tsfel_matched              100x100    heavy_tailed  (timeout 90s)... ok       median=   2165.66 ms n_feat=13 µs/sf=1665.889
  [257/495] tsxtract_matched_tsfel     100x100    heavy_tailed  (timeout 90s)... ok       median=      0.64 ms n_feat=13 µs/sf=0.490
  [258/495] tsfresh_e2e                100x100    heavy_tailed  (timeout 90s)... ok       median=   7792.22 ms n_feat=777 µs/sf=100.286
  [259/495] tsfresh_extract_only       100x100    heavy_tailed  (timeout 90s)... ok       median=   8047.41 ms n_feat=777 µs/sf=103.570
  [260/495] tsfresh_matched            100x100    heavy_tailed  (timeout 90s)... ok       median=   7149.15 ms n_feat=13 µs/sf=5499.345
  [261/495] tsxtract_matched_tsfresh     100x100    heavy_tailed  (timeout 90s)... ok       median=      0.64 ms n_feat=13 µs/sf=0.494
  [262/495] antropy                    100x100    heavy_tailed  (timeout 90s)... ok       median=     79.39 ms n_feat=8 µs/sf=99.239
  [263/495] tsflex                     100x100    heavy_tailed  (timeout 90s)... ok       median=    418.78 ms n_feat=7 µs/sf=598.264
  [264/495] sktime_catch22             100x100    heavy_tailed  (timeout 90s)... ok       median=    207.59 ms n_feat=22 µs/sf=94.359
  [265/495] catch22                    100x100    sinusoid      (timeout 90s)... ok       median=    627.16 ms n_feat=22 µs/sf=285.071
  [266/495] tsfel                      100x100    sinusoid      (timeout 90s)... ok       median=   2354.13 ms n_feat=156 µs/sf=150.906
  [267/495] tsfel_matched              100x100    sinusoid      (timeout 90s)... ok       median=   2197.42 ms n_feat=13 µs/sf=1690.322
  [268/495] tsxtract_matched_tsfel     100x100    sinusoid      (timeout 90s)... ok       median=      0.64 ms n_feat=13 µs/sf=0.490
  [269/495] tsfresh_e2e                100x100    sinusoid      (timeout 90s)... ok       median=   7983.20 ms n_feat=777 µs/sf=102.744
  [270/495] tsfresh_extract_only       100x100    sinusoid      (timeout 90s)... ok       median=   8359.04 ms n_feat=777 µs/sf=107.581
  [271/495] tsfresh_matched            100x100    sinusoid      (timeout 90s)... ok       median=   7604.50 ms n_feat=13 µs/sf=5849.617
  [272/495] tsxtract_matched_tsfresh     100x100    sinusoid      (timeout 90s)... ok       median=      0.78 ms n_feat=13 µs/sf=0.598
  [273/495] antropy                    100x100    sinusoid      (timeout 90s)... ok       median=     77.87 ms n_feat=8 µs/sf=97.334
  [274/495] tsflex                     100x100    sinusoid      (timeout 90s)... ok       median=    408.15 ms n_feat=7 µs/sf=583.078
  [275/495] sktime_catch22             100x100    sinusoid      (timeout 90s)... ok       median=    182.01 ms n_feat=22 µs/sf=82.733
  [276/495] catch22                   1000x100    gaussian      (timeout 120s)... ok       median=    644.10 ms n_feat=22 µs/sf=29.277
  [277/495] tsfel                     1000x100    gaussian      (timeout 120s)... ok       median=   4088.09 ms n_feat=156 µs/sf=26.206
  [278/495] tsfel_matched             1000x100    gaussian      (timeout 120s)... ok       median=   2457.79 ms n_feat=13 µs/sf=189.061
  [279/495] tsxtract_matched_tsfel    1000x100    gaussian      (timeout 120s)... ok       median=      1.51 ms n_feat=13 µs/sf=0.116
  [280/495] tsfresh_e2e               1000x100    gaussian      (timeout 170s)... ok       median=  15384.26 ms n_feat=777 µs/sf=19.800
  [281/495] tsfresh_extract_only      1000x100    gaussian      (timeout 170s)... ok       median=  15315.51 ms n_feat=777 µs/sf=19.711
  [282/495] tsfresh_matched           1000x100    gaussian      (timeout 170s)... ok       median=   7409.81 ms n_feat=13 µs/sf=569.986
  [283/495] tsxtract_matched_tsfresh    1000x100    gaussian      (timeout 120s)... ok       median=      1.55 ms n_feat=13 µs/sf=0.119
  [284/495] antropy                   1000x100    gaussian      (timeout 120s)... ok       median=    779.03 ms n_feat=8 µs/sf=97.379
  [285/495] tsflex                    1000x100    gaussian      (timeout 120s)... ok       median=   4118.51 ms n_feat=7 µs/sf=588.358
  [286/495] sktime_catch22            1000x100    gaussian      (timeout 170s)... ok       median=   1839.58 ms n_feat=22 µs/sf=83.617
  [287/495] catch22                   1000x100    random_walk   (timeout 120s)... ok       median=    714.44 ms n_feat=22 µs/sf=32.475
  [288/495] tsfel                     1000x100    random_walk   (timeout 120s)... ok       median=   3997.08 ms n_feat=156 µs/sf=25.622
  [289/495] tsfel_matched             1000x100    random_walk   (timeout 120s)... ok       median=   2464.65 ms n_feat=13 µs/sf=189.589
  [290/495] tsxtract_matched_tsfel    1000x100    random_walk   (timeout 120s)... ok       median=      1.47 ms n_feat=13 µs/sf=0.113
  [291/495] tsfresh_e2e               1000x100    random_walk   (timeout 170s)... ok       median=  15162.17 ms n_feat=777 µs/sf=19.514
  [292/495] tsfresh_extract_only      1000x100    random_walk   (timeout 170s)... ok       median=  15319.39 ms n_feat=777 µs/sf=19.716
  [293/495] tsfresh_matched           1000x100    random_walk   (timeout 170s)... ok       median=   7169.46 ms n_feat=13 µs/sf=551.497
  [294/495] tsxtract_matched_tsfresh    1000x100    random_walk   (timeout 120s)... ok       median=      1.60 ms n_feat=13 µs/sf=0.123
  [295/495] antropy                   1000x100    random_walk   (timeout 120s)... ok       median=    773.20 ms n_feat=8 µs/sf=96.650
  [296/495] tsflex                    1000x100    random_walk   (timeout 120s)... ok       median=   4218.72 ms n_feat=7 µs/sf=602.675
  [297/495] sktime_catch22            1000x100    random_walk   (timeout 170s)... ok       median=   2154.21 ms n_feat=22 µs/sf=97.919
  [298/495] catch22                   1000x100    ar1           (timeout 120s)... ok       median=    645.02 ms n_feat=22 µs/sf=29.319
  [299/495] tsfel                     1000x100    ar1           (timeout 120s)... ok       median=   3988.68 ms n_feat=156 µs/sf=25.568
  [300/495] tsfel_matched             1000x100    ar1           (timeout 120s)... ok       median=   2426.36 ms n_feat=13 µs/sf=186.643
  [301/495] tsxtract_matched_tsfel    1000x100    ar1           (timeout 120s)... ok       median=      1.51 ms n_feat=13 µs/sf=0.116
  [302/495] tsfresh_e2e               1000x100    ar1           (timeout 170s)... ok       median=  15271.85 ms n_feat=777 µs/sf=19.655
  [303/495] tsfresh_extract_only      1000x100    ar1           (timeout 170s)... ok       median=  15713.42 ms n_feat=777 µs/sf=20.223
  [304/495] tsfresh_matched           1000x100    ar1           (timeout 170s)... ok       median=   7234.51 ms n_feat=13 µs/sf=556.501
  [305/495] tsxtract_matched_tsfresh    1000x100    ar1           (timeout 120s)... ok       median=      1.67 ms n_feat=13 µs/sf=0.129
  [306/495] antropy                   1000x100    ar1           (timeout 120s)... ok       median=    790.17 ms n_feat=8 µs/sf=98.771
  [307/495] tsflex                    1000x100    ar1           (timeout 120s)... ok       median=   4131.67 ms n_feat=7 µs/sf=590.238
  [308/495] sktime_catch22            1000x100    ar1           (timeout 170s)... ok       median=   1880.95 ms n_feat=22 µs/sf=85.498
  [309/495] catch22                   1000x100    heavy_tailed  (timeout 120s)... ok       median=    653.21 ms n_feat=22 µs/sf=29.691
  [310/495] tsfel                     1000x100    heavy_tailed  (timeout 120s)... ok       median=   3972.00 ms n_feat=156 µs/sf=25.462
  [311/495] tsfel_matched             1000x100    heavy_tailed  (timeout 120s)... ok       median=   2429.73 ms n_feat=13 µs/sf=186.902
  [312/495] tsxtract_matched_tsfel    1000x100    heavy_tailed  (timeout 120s)... ok       median=      1.42 ms n_feat=13 µs/sf=0.109
  [313/495] tsfresh_e2e               1000x100    heavy_tailed  (timeout 170s)... ok       median=  15129.59 ms n_feat=777 µs/sf=19.472
  [314/495] tsfresh_extract_only      1000x100    heavy_tailed  (timeout 170s)... ok       median=  15377.02 ms n_feat=777 µs/sf=19.790
  [315/495] tsfresh_matched           1000x100    heavy_tailed  (timeout 170s)... ok       median=   7255.63 ms n_feat=13 µs/sf=558.126
  [316/495] tsxtract_matched_tsfresh    1000x100    heavy_tailed  (timeout 120s)... ok       median=      1.70 ms n_feat=13 µs/sf=0.130
  [317/495] antropy                   1000x100    heavy_tailed  (timeout 120s)... ok       median=    792.12 ms n_feat=8 µs/sf=99.014
  [318/495] tsflex                    1000x100    heavy_tailed  (timeout 120s)... ok       median=   4103.32 ms n_feat=7 µs/sf=586.189
  [319/495] sktime_catch22            1000x100    heavy_tailed  (timeout 170s)... ok       median=   2077.06 ms n_feat=22 µs/sf=94.412
  [320/495] catch22                   1000x100    sinusoid      (timeout 120s)... ok       median=    654.41 ms n_feat=22 µs/sf=29.746
  [321/495] tsfel                     1000x100    sinusoid      (timeout 120s)... ok       median=   3965.43 ms n_feat=156 µs/sf=25.419
  [322/495] tsfel_matched             1000x100    sinusoid      (timeout 120s)... ok       median=   2514.60 ms n_feat=13 µs/sf=193.431
  [323/495] tsxtract_matched_tsfel    1000x100    sinusoid      (timeout 120s)... ok       median=      1.51 ms n_feat=13 µs/sf=0.116
  [324/495] tsfresh_e2e               1000x100    sinusoid      (timeout 170s)... ok       median=  15227.13 ms n_feat=777 µs/sf=19.597
  [325/495] tsfresh_extract_only      1000x100    sinusoid      (timeout 170s)... ok       median=  15494.53 ms n_feat=777 µs/sf=19.941
  [326/495] tsfresh_matched           1000x100    sinusoid      (timeout 170s)... ok       median=   7200.74 ms n_feat=13 µs/sf=553.903
  [327/495] tsxtract_matched_tsfresh    1000x100    sinusoid      (timeout 120s)... ok       median=      1.58 ms n_feat=13 µs/sf=0.122
  [328/495] antropy                   1000x100    sinusoid      (timeout 120s)... ok       median=    769.43 ms n_feat=8 µs/sf=96.178
  [329/495] tsflex                    1000x100    sinusoid      (timeout 120s)... ok       median=   4117.60 ms n_feat=7 µs/sf=588.229
  [330/495] sktime_catch22            1000x100    sinusoid      (timeout 170s)... ok       median=   1753.55 ms n_feat=22 µs/sf=79.707
  [331/495] catch22                    100x5000   gaussian      (timeout 90s)... ok       median=    777.16 ms n_feat=22 µs/sf=353.253
  [332/495] tsfel                      100x5000   gaussian      (timeout 90s)... ok       median=   2590.58 ms n_feat=156 µs/sf=166.063
  [333/495] tsfel_matched              100x5000   gaussian      (timeout 90s)... ok       median=   2288.61 ms n_feat=13 µs/sf=1760.467
  [334/495] tsxtract_matched_tsfel     100x5000   gaussian      (timeout 90s)... ok       median=      3.24 ms n_feat=13 µs/sf=2.489
  [335/495] tsfresh_e2e                100x5000   gaussian      (timeout 90s)... ok       median=  20475.37 ms n_feat=777 µs/sf=263.518
  [336/495] tsfresh_extract_only       100x5000   gaussian      (timeout 90s)... ok       median=  19974.42 ms n_feat=777 µs/sf=257.071
  [337/495] tsfresh_matched            100x5000   gaussian      (timeout 90s)... ok       median=   7286.00 ms n_feat=13 µs/sf=5604.614
  [338/495] tsxtract_matched_tsfresh     100x5000   gaussian      (timeout 90s)... ok       median=      4.07 ms n_feat=13 µs/sf=3.128
  [339/495] antropy                    100x5000   gaussian      (timeout 90s)... ok       median=   8032.02 ms n_feat=8 µs/sf=10040.030
  [340/495] tsflex                     100x5000   gaussian      (timeout 90s)... ok       median=    435.02 ms n_feat=7 µs/sf=621.459
  [341/495] sktime_catch22             100x5000   gaussian      (timeout 90s)... ok       median=    935.53 ms n_feat=22 µs/sf=425.242
  [342/495] catch22                    100x5000   random_walk   (timeout 90s)... ok       median=    803.16 ms n_feat=22 µs/sf=365.074
  [343/495] tsfel                      100x5000   random_walk   (timeout 90s)... ok       median=   2638.39 ms n_feat=156 µs/sf=169.128
  [344/495] tsfel_matched              100x5000   random_walk   (timeout 90s)... ok       median=   2217.18 ms n_feat=13 µs/sf=1705.521
  [345/495] tsxtract_matched_tsfel     100x5000   random_walk   (timeout 90s)... ok       median=      3.24 ms n_feat=13 µs/sf=2.493
  [346/495] tsfresh_e2e                100x5000   random_walk   (timeout 90s)... ok       median=  20373.52 ms n_feat=777 µs/sf=262.207
  [347/495] tsfresh_extract_only       100x5000   random_walk   (timeout 90s)... ok       median=  21599.18 ms n_feat=777 µs/sf=277.982
  [348/495] tsfresh_matched            100x5000   random_walk   (timeout 90s)... ok       median=   7241.72 ms n_feat=13 µs/sf=5570.556
  [349/495] tsxtract_matched_tsfresh     100x5000   random_walk   (timeout 90s)... ok       median=      4.14 ms n_feat=13 µs/sf=3.184
  [350/495] antropy                    100x5000   random_walk   (timeout 90s)... ok       median=  12422.07 ms n_feat=8 µs/sf=15527.590
  [351/495] tsflex                     100x5000   random_walk   (timeout 90s)... ok       median=    457.14 ms n_feat=7 µs/sf=653.053
  [352/495] sktime_catch22             100x5000   random_walk   (timeout 90s)... ok       median=   6343.83 ms n_feat=22 µs/sf=2883.557
  [353/495] catch22                    100x5000   ar1           (timeout 90s)... ok       median=    788.71 ms n_feat=22 µs/sf=358.504
  [354/495] tsfel                      100x5000   ar1           (timeout 90s)... ok       median=   2641.50 ms n_feat=156 µs/sf=169.327
  [355/495] tsfel_matched              100x5000   ar1           (timeout 90s)... ok       median=   2202.57 ms n_feat=13 µs/sf=1694.287
  [356/495] tsxtract_matched_tsfel     100x5000   ar1           (timeout 90s)... ok       median=      3.25 ms n_feat=13 µs/sf=2.496
  [357/495] tsfresh_e2e                100x5000   ar1           (timeout 90s)... ok       median=  20430.52 ms n_feat=777 µs/sf=262.941
  [358/495] tsfresh_extract_only       100x5000   ar1           (timeout 90s)... ok       median=  20268.88 ms n_feat=777 µs/sf=260.861
  [359/495] tsfresh_matched            100x5000   ar1           (timeout 90s)... ok       median=   7414.83 ms n_feat=13 µs/sf=5703.713
  [360/495] tsxtract_matched_tsfresh     100x5000   ar1           (timeout 90s)... ok       median=      4.43 ms n_feat=13 µs/sf=3.404
  [361/495] antropy                    100x5000   ar1           (timeout 90s)... ok       median=   9715.37 ms n_feat=8 µs/sf=12144.213
  [362/495] tsflex                     100x5000   ar1           (timeout 90s)... ok       median=    456.16 ms n_feat=7 µs/sf=651.660
  [363/495] sktime_catch22             100x5000   ar1           (timeout 90s)... ok       median=    992.04 ms n_feat=22 µs/sf=450.928
  [364/495] catch22                    100x5000   heavy_tailed  (timeout 90s)... ok       median=    836.69 ms n_feat=22 µs/sf=380.314
  [365/495] tsfel                      100x5000   heavy_tailed  (timeout 90s)... ok       median=   2610.51 ms n_feat=156 µs/sf=167.340
  [366/495] tsfel_matched              100x5000   heavy_tailed  (timeout 90s)... ok       median=   2250.22 ms n_feat=13 µs/sf=1730.937
  [367/495] tsxtract_matched_tsfel     100x5000   heavy_tailed  (timeout 90s)... ok       median=      4.60 ms n_feat=13 µs/sf=3.540
  [368/495] tsfresh_e2e                100x5000   heavy_tailed  (timeout 90s)... ok       median=  20597.64 ms n_feat=777 µs/sf=265.092
  [369/495] tsfresh_extract_only       100x5000   heavy_tailed  (timeout 90s)... ok       median=  19987.06 ms n_feat=777 µs/sf=257.234
  [370/495] tsfresh_matched            100x5000   heavy_tailed  (timeout 90s)... ok       median=   7681.91 ms n_feat=13 µs/sf=5909.163
  [371/495] tsxtract_matched_tsfresh     100x5000   heavy_tailed  (timeout 90s)... ok       median=      5.56 ms n_feat=13 µs/sf=4.276
  [372/495] antropy                    100x5000   heavy_tailed  (timeout 90s)... ok       median=  10688.39 ms n_feat=8 µs/sf=13360.490
  [373/495] tsflex                     100x5000   heavy_tailed  (timeout 90s)... ok       median=    445.02 ms n_feat=7 µs/sf=635.737
  [374/495] sktime_catch22             100x5000   heavy_tailed  (timeout 90s)... ok       median=   1888.70 ms n_feat=22 µs/sf=858.498
  [375/495] catch22                    100x5000   sinusoid      (timeout 90s)... ok       median=    787.18 ms n_feat=22 µs/sf=357.810
  [376/495] tsfel                      100x5000   sinusoid      (timeout 90s)...   [resume] 375 case_ids already in throughput_competitors.jsonl
====================================================================================================
  B3 Competitor Throughput Matrix (same shapes as baseline suite)
  variants: ['catch22', 'tsfel', 'tsfel_matched', 'tsxtract_matched_tsfel', 'tsfresh_e2e', 'tsfresh_extract_only', 'tsfresh_matched', 'tsxtract_matched_tsfresh', 'antropy', 'tsflex', 'sktime_catch22']
  shapes: [(10, 500), (100, 500), (1000, 500), (10000, 500), (100, 100), (1000, 100), (100, 5000), (1, 100), (1, 10000)]
  dists: ['gaussian', 'random_walk', 'ar1', 'heavy_tailed', 'sinusoid']   threads: 16
  output: F:\Active Repo\Tsxtract\benches\results\throughput_competitors.jsonl
====================================================================================================
  [OK]      catch22                (catch22/default)
  [OK]      tsfel                  (tsfel/default)
  [OK]      tsfel_matched          (tsfel/matched)
  [OK]      tsxtract_matched_tsfel (tsxtract/matched_tsfel)
  [OK]      tsfresh_e2e            (tsfresh/efficient)
  [OK]      tsfresh_extract_only   (tsfresh/efficient)
  [OK]      tsfresh_matched        (tsfresh/matched)
  [OK]      tsxtract_matched_tsfresh (tsxtract/matched_tsfresh)
  [OK]      antropy                (antropy/default)
  [OK]      tsflex                 (tsflex/default)
  [OK]      sktime_catch22         (sktime/catch22)

Running 495 cases...

  [  1/495] catch22                     10x500    gaussian      skip (already recorded)
  [  2/495] tsfel                       10x500    gaussian      skip (already recorded)
  [  3/495] tsfel_matched               10x500    gaussian      skip (already recorded)
  [  4/495] tsxtract_matched_tsfel      10x500    gaussian      skip (already recorded)
  [  5/495] tsfresh_e2e                 10x500    gaussian      skip (already recorded)
  [  6/495] tsfresh_extract_only        10x500    gaussian      skip (already recorded)
  [  7/495] tsfresh_matched             10x500    gaussian      skip (already recorded)
  [  8/495] tsxtract_matched_tsfresh      10x500    gaussian      skip (already recorded)
  [  9/495] antropy                     10x500    gaussian      skip (already recorded)
  [ 10/495] tsflex                      10x500    gaussian      skip (already recorded)
  [ 11/495] sktime_catch22              10x500    gaussian      skip (already recorded)
  [ 12/495] catch22                     10x500    random_walk   skip (already recorded)
  [ 13/495] tsfel                       10x500    random_walk   skip (already recorded)
  [ 14/495] tsfel_matched               10x500    random_walk   skip (already recorded)
  [ 15/495] tsxtract_matched_tsfel      10x500    random_walk   skip (already recorded)
  [ 16/495] tsfresh_e2e                 10x500    random_walk   skip (already recorded)
  [ 17/495] tsfresh_extract_only        10x500    random_walk   skip (already recorded)
  [ 18/495] tsfresh_matched             10x500    random_walk   skip (already recorded)
  [ 19/495] tsxtract_matched_tsfresh      10x500    random_walk   skip (already recorded)
  [ 20/495] antropy                     10x500    random_walk   skip (already recorded)
  [ 21/495] tsflex                      10x500    random_walk   skip (already recorded)
  [ 22/495] sktime_catch22              10x500    random_walk   skip (already recorded)
  [ 23/495] catch22                     10x500    ar1           skip (already recorded)
  [ 24/495] tsfel                       10x500    ar1           skip (already recorded)
  [ 25/495] tsfel_matched               10x500    ar1           skip (already recorded)
  [ 26/495] tsxtract_matched_tsfel      10x500    ar1           skip (already recorded)
  [ 27/495] tsfresh_e2e                 10x500    ar1           skip (already recorded)
  [ 28/495] tsfresh_extract_only        10x500    ar1           skip (already recorded)
  [ 29/495] tsfresh_matched             10x500    ar1           skip (already recorded)
  [ 30/495] tsxtract_matched_tsfresh      10x500    ar1           skip (already recorded)
  [ 31/495] antropy                     10x500    ar1           skip (already recorded)
  [ 32/495] tsflex                      10x500    ar1           skip (already recorded)
  [ 33/495] sktime_catch22              10x500    ar1           skip (already recorded)
  [ 34/495] catch22                     10x500    heavy_tailed  skip (already recorded)
  [ 35/495] tsfel                       10x500    heavy_tailed  skip (already recorded)
  [ 36/495] tsfel_matched               10x500    heavy_tailed  skip (already recorded)
  [ 37/495] tsxtract_matched_tsfel      10x500    heavy_tailed  skip (already recorded)
  [ 38/495] tsfresh_e2e                 10x500    heavy_tailed  skip (already recorded)
  [ 39/495] tsfresh_extract_only        10x500    heavy_tailed  skip (already recorded)
  [ 40/495] tsfresh_matched             10x500    heavy_tailed  skip (already recorded)
  [ 41/495] tsxtract_matched_tsfresh      10x500    heavy_tailed  skip (already recorded)
  [ 42/495] antropy                     10x500    heavy_tailed  skip (already recorded)
  [ 43/495] tsflex                      10x500    heavy_tailed  skip (already recorded)
  [ 44/495] sktime_catch22              10x500    heavy_tailed  skip (already recorded)
  [ 45/495] catch22                     10x500    sinusoid      skip (already recorded)
  [ 46/495] tsfel                       10x500    sinusoid      skip (already recorded)
  [ 47/495] tsfel_matched               10x500    sinusoid      skip (already recorded)
  [ 48/495] tsxtract_matched_tsfel      10x500    sinusoid      skip (already recorded)
  [ 49/495] tsfresh_e2e                 10x500    sinusoid      skip (already recorded)
  [ 50/495] tsfresh_extract_only        10x500    sinusoid      skip (already recorded)
  [ 51/495] tsfresh_matched             10x500    sinusoid      skip (already recorded)
  [ 52/495] tsxtract_matched_tsfresh      10x500    sinusoid      skip (already recorded)
  [ 53/495] antropy                     10x500    sinusoid      skip (already recorded)
  [ 54/495] tsflex                      10x500    sinusoid      skip (already recorded)
  [ 55/495] sktime_catch22              10x500    sinusoid      skip (already recorded)
  [ 56/495] catch22                    100x500    gaussian      skip (already recorded)
  [ 57/495] tsfel                      100x500    gaussian      skip (already recorded)
  [ 58/495] tsfel_matched              100x500    gaussian      skip (already recorded)
  [ 59/495] tsxtract_matched_tsfel     100x500    gaussian      skip (already recorded)
  [ 60/495] tsfresh_e2e                100x500    gaussian      skip (already recorded)
  [ 61/495] tsfresh_extract_only       100x500    gaussian      skip (already recorded)
  [ 62/495] tsfresh_matched            100x500    gaussian      skip (already recorded)
  [ 63/495] tsxtract_matched_tsfresh     100x500    gaussian      skip (already recorded)
  [ 64/495] antropy                    100x500    gaussian      skip (already recorded)
  [ 65/495] tsflex                     100x500    gaussian      skip (already recorded)
  [ 66/495] sktime_catch22             100x500    gaussian      skip (already recorded)
  [ 67/495] catch22                    100x500    random_walk   skip (already recorded)
  [ 68/495] tsfel                      100x500    random_walk   skip (already recorded)
  [ 69/495] tsfel_matched              100x500    random_walk   skip (already recorded)
  [ 70/495] tsxtract_matched_tsfel     100x500    random_walk   skip (already recorded)
  [ 71/495] tsfresh_e2e                100x500    random_walk   skip (already recorded)
  [ 72/495] tsfresh_extract_only       100x500    random_walk   skip (already recorded)
  [ 73/495] tsfresh_matched            100x500    random_walk   skip (already recorded)
  [ 74/495] tsxtract_matched_tsfresh     100x500    random_walk   skip (already recorded)
  [ 75/495] antropy                    100x500    random_walk   skip (already recorded)
  [ 76/495] tsflex                     100x500    random_walk   skip (already recorded)
  [ 77/495] sktime_catch22             100x500    random_walk   skip (already recorded)
  [ 78/495] catch22                    100x500    ar1           skip (already recorded)
  [ 79/495] tsfel                      100x500    ar1           skip (already recorded)
  [ 80/495] tsfel_matched              100x500    ar1           skip (already recorded)
  [ 81/495] tsxtract_matched_tsfel     100x500    ar1           skip (already recorded)
  [ 82/495] tsfresh_e2e                100x500    ar1           skip (already recorded)
  [ 83/495] tsfresh_extract_only       100x500    ar1           skip (already recorded)
  [ 84/495] tsfresh_matched            100x500    ar1           skip (already recorded)
  [ 85/495] tsxtract_matched_tsfresh     100x500    ar1           skip (already recorded)
  [ 86/495] antropy                    100x500    ar1           skip (already recorded)
  [ 87/495] tsflex                     100x500    ar1           skip (already recorded)
  [ 88/495] sktime_catch22             100x500    ar1           skip (already recorded)
  [ 89/495] catch22                    100x500    heavy_tailed  skip (already recorded)
  [ 90/495] tsfel                      100x500    heavy_tailed  skip (already recorded)
  [ 91/495] tsfel_matched              100x500    heavy_tailed  skip (already recorded)
  [ 92/495] tsxtract_matched_tsfel     100x500    heavy_tailed  skip (already recorded)
  [ 93/495] tsfresh_e2e                100x500    heavy_tailed  skip (already recorded)
  [ 94/495] tsfresh_extract_only       100x500    heavy_tailed  skip (already recorded)
  [ 95/495] tsfresh_matched            100x500    heavy_tailed  skip (already recorded)
  [ 96/495] tsxtract_matched_tsfresh     100x500    heavy_tailed  skip (already recorded)
  [ 97/495] antropy                    100x500    heavy_tailed  skip (already recorded)
  [ 98/495] tsflex                     100x500    heavy_tailed  skip (already recorded)
  [ 99/495] sktime_catch22             100x500    heavy_tailed  skip (already recorded)
  [100/495] catch22                    100x500    sinusoid      skip (already recorded)
  [101/495] tsfel                      100x500    sinusoid      skip (already recorded)
  [102/495] tsfel_matched              100x500    sinusoid      skip (already recorded)
  [103/495] tsxtract_matched_tsfel     100x500    sinusoid      skip (already recorded)
  [104/495] tsfresh_e2e                100x500    sinusoid      skip (already recorded)
  [105/495] tsfresh_extract_only       100x500    sinusoid      skip (already recorded)
  [106/495] tsfresh_matched            100x500    sinusoid      skip (already recorded)
  [107/495] tsxtract_matched_tsfresh     100x500    sinusoid      skip (already recorded)
  [108/495] antropy                    100x500    sinusoid      skip (already recorded)
  [109/495] tsflex                     100x500    sinusoid      skip (already recorded)
  [110/495] sktime_catch22             100x500    sinusoid      skip (already recorded)
  [111/495] catch22                   1000x500    gaussian      skip (already recorded)
  [112/495] tsfel                     1000x500    gaussian      skip (already recorded)
  [113/495] tsfel_matched             1000x500    gaussian      skip (already recorded)
  [114/495] tsxtract_matched_tsfel    1000x500    gaussian      skip (already recorded)
  [115/495] tsfresh_e2e               1000x500    gaussian      skip (already recorded)
  [116/495] tsfresh_extract_only      1000x500    gaussian      skip (already recorded)
  [117/495] tsfresh_matched           1000x500    gaussian      skip (already recorded)
  [118/495] tsxtract_matched_tsfresh    1000x500    gaussian      skip (already recorded)
  [119/495] antropy                   1000x500    gaussian      skip (already recorded)
  [120/495] tsflex                    1000x500    gaussian      skip (already recorded)
  [121/495] sktime_catch22            1000x500    gaussian      skip (already recorded)
  [122/495] catch22                   1000x500    random_walk   skip (already recorded)
  [123/495] tsfel                     1000x500    random_walk   skip (already recorded)
  [124/495] tsfel_matched             1000x500    random_walk   skip (already recorded)
  [125/495] tsxtract_matched_tsfel    1000x500    random_walk   skip (already recorded)
  [126/495] tsfresh_e2e               1000x500    random_walk   skip (already recorded)
  [127/495] tsfresh_extract_only      1000x500    random_walk   skip (already recorded)
  [128/495] tsfresh_matched           1000x500    random_walk   skip (already recorded)
  [129/495] tsxtract_matched_tsfresh    1000x500    random_walk   skip (already recorded)
  [130/495] antropy                   1000x500    random_walk   skip (already recorded)
  [131/495] tsflex                    1000x500    random_walk   skip (already recorded)
  [132/495] sktime_catch22            1000x500    random_walk   skip (already recorded)
  [133/495] catch22                   1000x500    ar1           skip (already recorded)
  [134/495] tsfel                     1000x500    ar1           skip (already recorded)
  [135/495] tsfel_matched             1000x500    ar1           skip (already recorded)
  [136/495] tsxtract_matched_tsfel    1000x500    ar1           skip (already recorded)
  [137/495] tsfresh_e2e               1000x500    ar1           skip (already recorded)
  [138/495] tsfresh_extract_only      1000x500    ar1           skip (already recorded)
  [139/495] tsfresh_matched           1000x500    ar1           skip (already recorded)
  [140/495] tsxtract_matched_tsfresh    1000x500    ar1           skip (already recorded)
  [141/495] antropy                   1000x500    ar1           skip (already recorded)
  [142/495] tsflex                    1000x500    ar1           skip (already recorded)
  [143/495] sktime_catch22            1000x500    ar1           skip (already recorded)
  [144/495] catch22                   1000x500    heavy_tailed  skip (already recorded)
  [145/495] tsfel                     1000x500    heavy_tailed  skip (already recorded)
  [146/495] tsfel_matched             1000x500    heavy_tailed  skip (already recorded)
  [147/495] tsxtract_matched_tsfel    1000x500    heavy_tailed  skip (already recorded)
  [148/495] tsfresh_e2e               1000x500    heavy_tailed  skip (already recorded)
  [149/495] tsfresh_extract_only      1000x500    heavy_tailed  skip (already recorded)
  [150/495] tsfresh_matched           1000x500    heavy_tailed  skip (already recorded)
  [151/495] tsxtract_matched_tsfresh    1000x500    heavy_tailed  skip (already recorded)
  [152/495] antropy                   1000x500    heavy_tailed  skip (already recorded)
  [153/495] tsflex                    1000x500    heavy_tailed  skip (already recorded)
  [154/495] sktime_catch22            1000x500    heavy_tailed  skip (already recorded)
  [155/495] catch22                   1000x500    sinusoid      skip (already recorded)
  [156/495] tsfel                     1000x500    sinusoid      skip (already recorded)
  [157/495] tsfel_matched             1000x500    sinusoid      skip (already recorded)
  [158/495] tsxtract_matched_tsfel    1000x500    sinusoid      skip (already recorded)
  [159/495] tsfresh_e2e               1000x500    sinusoid      skip (already recorded)
  [160/495] tsfresh_extract_only      1000x500    sinusoid      skip (already recorded)
  [161/495] tsfresh_matched           1000x500    sinusoid      skip (already recorded)
  [162/495] tsxtract_matched_tsfresh    1000x500    sinusoid      skip (already recorded)
  [163/495] antropy                   1000x500    sinusoid      skip (already recorded)
  [164/495] tsflex                    1000x500    sinusoid      skip (already recorded)
  [165/495] sktime_catch22            1000x500    sinusoid      skip (already recorded)
  [166/495] catch22                  10000x500    gaussian      skip (already recorded)
  [167/495] tsfel                    10000x500    gaussian      skip (already recorded)
  [168/495] tsfel_matched            10000x500    gaussian      skip (already recorded)
  [169/495] tsxtract_matched_tsfel   10000x500    gaussian      skip (already recorded)
  [170/495] tsfresh_e2e              10000x500    gaussian      skip (already recorded)
  [171/495] tsfresh_extract_only     10000x500    gaussian      skip (already recorded)
  [172/495] tsfresh_matched          10000x500    gaussian      skip (already recorded)
  [173/495] tsxtract_matched_tsfresh   10000x500    gaussian      skip (already recorded)
  [174/495] antropy                  10000x500    gaussian      skip (already recorded)
  [175/495] tsflex                   10000x500    gaussian      skip (already recorded)
  [176/495] sktime_catch22           10000x500    gaussian      skip (already recorded)
  [177/495] catch22                  10000x500    random_walk   skip (already recorded)
  [178/495] tsfel                    10000x500    random_walk   skip (already recorded)
  [179/495] tsfel_matched            10000x500    random_walk   skip (already recorded)
  [180/495] tsxtract_matched_tsfel   10000x500    random_walk   skip (already recorded)
  [181/495] tsfresh_e2e              10000x500    random_walk   skip (already recorded)
  [182/495] tsfresh_extract_only     10000x500    random_walk   skip (already recorded)
  [183/495] tsfresh_matched          10000x500    random_walk   skip (already recorded)
  [184/495] tsxtract_matched_tsfresh   10000x500    random_walk   skip (already recorded)
  [185/495] antropy                  10000x500    random_walk   skip (already recorded)
  [186/495] tsflex                   10000x500    random_walk   skip (already recorded)
  [187/495] sktime_catch22           10000x500    random_walk   skip (already recorded)
  [188/495] catch22                  10000x500    ar1           skip (already recorded)
  [189/495] tsfel                    10000x500    ar1           skip (already recorded)
  [190/495] tsfel_matched            10000x500    ar1           skip (already recorded)
  [191/495] tsxtract_matched_tsfel   10000x500    ar1           skip (already recorded)
  [192/495] tsfresh_e2e              10000x500    ar1           skip (already recorded)
  [193/495] tsfresh_extract_only     10000x500    ar1           skip (already recorded)
  [194/495] tsfresh_matched          10000x500    ar1           skip (already recorded)
  [195/495] tsxtract_matched_tsfresh   10000x500    ar1           skip (already recorded)
  [196/495] antropy                  10000x500    ar1           skip (already recorded)
  [197/495] tsflex                   10000x500    ar1           skip (already recorded)
  [198/495] sktime_catch22           10000x500    ar1           skip (already recorded)
  [199/495] catch22                  10000x500    heavy_tailed  skip (already recorded)
  [200/495] tsfel                    10000x500    heavy_tailed  skip (already recorded)
  [201/495] tsfel_matched            10000x500    heavy_tailed  skip (already recorded)
  [202/495] tsxtract_matched_tsfel   10000x500    heavy_tailed  skip (already recorded)
  [203/495] tsfresh_e2e              10000x500    heavy_tailed  skip (already recorded)
  [204/495] tsfresh_extract_only     10000x500    heavy_tailed  skip (already recorded)
  [205/495] tsfresh_matched          10000x500    heavy_tailed  skip (already recorded)
  [206/495] tsxtract_matched_tsfresh   10000x500    heavy_tailed  skip (already recorded)
  [207/495] antropy                  10000x500    heavy_tailed  skip (already recorded)
  [208/495] tsflex                   10000x500    heavy_tailed  skip (already recorded)
  [209/495] sktime_catch22           10000x500    heavy_tailed  skip (already recorded)
  [210/495] catch22                  10000x500    sinusoid      skip (already recorded)
  [211/495] tsfel                    10000x500    sinusoid      skip (already recorded)
  [212/495] tsfel_matched            10000x500    sinusoid      skip (already recorded)
  [213/495] tsxtract_matched_tsfel   10000x500    sinusoid      skip (already recorded)
  [214/495] tsfresh_e2e              10000x500    sinusoid      skip (already recorded)
  [215/495] tsfresh_extract_only     10000x500    sinusoid      skip (already recorded)
  [216/495] tsfresh_matched          10000x500    sinusoid      skip (already recorded)
  [217/495] tsxtract_matched_tsfresh   10000x500    sinusoid      skip (already recorded)
  [218/495] antropy                  10000x500    sinusoid      skip (already recorded)
  [219/495] tsflex                   10000x500    sinusoid      skip (already recorded)
  [220/495] sktime_catch22           10000x500    sinusoid      skip (already recorded)
  [221/495] catch22                    100x100    gaussian      skip (already recorded)
  [222/495] tsfel                      100x100    gaussian      skip (already recorded)
  [223/495] tsfel_matched              100x100    gaussian      skip (already recorded)
  [224/495] tsxtract_matched_tsfel     100x100    gaussian      skip (already recorded)
  [225/495] tsfresh_e2e                100x100    gaussian      skip (already recorded)
  [226/495] tsfresh_extract_only       100x100    gaussian      skip (already recorded)
  [227/495] tsfresh_matched            100x100    gaussian      skip (already recorded)
  [228/495] tsxtract_matched_tsfresh     100x100    gaussian      skip (already recorded)
  [229/495] antropy                    100x100    gaussian      skip (already recorded)
  [230/495] tsflex                     100x100    gaussian      skip (already recorded)
  [231/495] sktime_catch22             100x100    gaussian      skip (already recorded)
  [232/495] catch22                    100x100    random_walk   skip (already recorded)
  [233/495] tsfel                      100x100    random_walk   skip (already recorded)
  [234/495] tsfel_matched              100x100    random_walk   skip (already recorded)
  [235/495] tsxtract_matched_tsfel     100x100    random_walk   skip (already recorded)
  [236/495] tsfresh_e2e                100x100    random_walk   skip (already recorded)
  [237/495] tsfresh_extract_only       100x100    random_walk   skip (already recorded)
  [238/495] tsfresh_matched            100x100    random_walk   skip (already recorded)
  [239/495] tsxtract_matched_tsfresh     100x100    random_walk   skip (already recorded)
  [240/495] antropy                    100x100    random_walk   skip (already recorded)
  [241/495] tsflex                     100x100    random_walk   skip (already recorded)
  [242/495] sktime_catch22             100x100    random_walk   skip (already recorded)
  [243/495] catch22                    100x100    ar1           skip (already recorded)
  [244/495] tsfel                      100x100    ar1           skip (already recorded)
  [245/495] tsfel_matched              100x100    ar1           skip (already recorded)
  [246/495] tsxtract_matched_tsfel     100x100    ar1           skip (already recorded)
  [247/495] tsfresh_e2e                100x100    ar1           skip (already recorded)
  [248/495] tsfresh_extract_only       100x100    ar1           skip (already recorded)
  [249/495] tsfresh_matched            100x100    ar1           skip (already recorded)
  [250/495] tsxtract_matched_tsfresh     100x100    ar1           skip (already recorded)
  [251/495] antropy                    100x100    ar1           skip (already recorded)
  [252/495] tsflex                     100x100    ar1           skip (already recorded)
  [253/495] sktime_catch22             100x100    ar1           skip (already recorded)
  [254/495] catch22                    100x100    heavy_tailed  skip (already recorded)
  [255/495] tsfel                      100x100    heavy_tailed  skip (already recorded)
  [256/495] tsfel_matched              100x100    heavy_tailed  skip (already recorded)
  [257/495] tsxtract_matched_tsfel     100x100    heavy_tailed  skip (already recorded)
  [258/495] tsfresh_e2e                100x100    heavy_tailed  skip (already recorded)
  [259/495] tsfresh_extract_only       100x100    heavy_tailed  skip (already recorded)
  [260/495] tsfresh_matched            100x100    heavy_tailed  skip (already recorded)
  [261/495] tsxtract_matched_tsfresh     100x100    heavy_tailed  skip (already recorded)
  [262/495] antropy                    100x100    heavy_tailed  skip (already recorded)
  [263/495] tsflex                     100x100    heavy_tailed  skip (already recorded)
  [264/495] sktime_catch22             100x100    heavy_tailed  skip (already recorded)
  [265/495] catch22                    100x100    sinusoid      skip (already recorded)
  [266/495] tsfel                      100x100    sinusoid      skip (already recorded)
  [267/495] tsfel_matched              100x100    sinusoid      skip (already recorded)
  [268/495] tsxtract_matched_tsfel     100x100    sinusoid      skip (already recorded)
  [269/495] tsfresh_e2e                100x100    sinusoid      skip (already recorded)
  [270/495] tsfresh_extract_only       100x100    sinusoid      skip (already recorded)
  [271/495] tsfresh_matched            100x100    sinusoid      skip (already recorded)
  [272/495] tsxtract_matched_tsfresh     100x100    sinusoid      skip (already recorded)
  [273/495] antropy                    100x100    sinusoid      skip (already recorded)
  [274/495] tsflex                     100x100    sinusoid      skip (already recorded)
  [275/495] sktime_catch22             100x100    sinusoid      skip (already recorded)
  [276/495] catch22                   1000x100    gaussian      skip (already recorded)
  [277/495] tsfel                     1000x100    gaussian      skip (already recorded)
  [278/495] tsfel_matched             1000x100    gaussian      skip (already recorded)
  [279/495] tsxtract_matched_tsfel    1000x100    gaussian      skip (already recorded)
  [280/495] tsfresh_e2e               1000x100    gaussian      skip (already recorded)
  [281/495] tsfresh_extract_only      1000x100    gaussian      skip (already recorded)
  [282/495] tsfresh_matched           1000x100    gaussian      skip (already recorded)
  [283/495] tsxtract_matched_tsfresh    1000x100    gaussian      skip (already recorded)
  [284/495] antropy                   1000x100    gaussian      skip (already recorded)
  [285/495] tsflex                    1000x100    gaussian      skip (already recorded)
  [286/495] sktime_catch22            1000x100    gaussian      skip (already recorded)
  [287/495] catch22                   1000x100    random_walk   skip (already recorded)
  [288/495] tsfel                     1000x100    random_walk   skip (already recorded)
  [289/495] tsfel_matched             1000x100    random_walk   skip (already recorded)
  [290/495] tsxtract_matched_tsfel    1000x100    random_walk   skip (already recorded)
  [291/495] tsfresh_e2e               1000x100    random_walk   skip (already recorded)
  [292/495] tsfresh_extract_only      1000x100    random_walk   skip (already recorded)
  [293/495] tsfresh_matched           1000x100    random_walk   skip (already recorded)
  [294/495] tsxtract_matched_tsfresh    1000x100    random_walk   skip (already recorded)
  [295/495] antropy                   1000x100    random_walk   skip (already recorded)
  [296/495] tsflex                    1000x100    random_walk   skip (already recorded)
  [297/495] sktime_catch22            1000x100    random_walk   skip (already recorded)
  [298/495] catch22                   1000x100    ar1           skip (already recorded)
  [299/495] tsfel                     1000x100    ar1           skip (already recorded)
  [300/495] tsfel_matched             1000x100    ar1           skip (already recorded)
  [301/495] tsxtract_matched_tsfel    1000x100    ar1           skip (already recorded)
  [302/495] tsfresh_e2e               1000x100    ar1           skip (already recorded)
  [303/495] tsfresh_extract_only      1000x100    ar1           skip (already recorded)
  [304/495] tsfresh_matched           1000x100    ar1           skip (already recorded)
  [305/495] tsxtract_matched_tsfresh    1000x100    ar1           skip (already recorded)
  [306/495] antropy                   1000x100    ar1           skip (already recorded)
  [307/495] tsflex                    1000x100    ar1           skip (already recorded)
  [308/495] sktime_catch22            1000x100    ar1           skip (already recorded)
  [309/495] catch22                   1000x100    heavy_tailed  skip (already recorded)
  [310/495] tsfel                     1000x100    heavy_tailed  skip (already recorded)
  [311/495] tsfel_matched             1000x100    heavy_tailed  skip (already recorded)
  [312/495] tsxtract_matched_tsfel    1000x100    heavy_tailed  skip (already recorded)
  [313/495] tsfresh_e2e               1000x100    heavy_tailed  skip (already recorded)
  [314/495] tsfresh_extract_only      1000x100    heavy_tailed  skip (already recorded)
  [315/495] tsfresh_matched           1000x100    heavy_tailed  skip (already recorded)
  [316/495] tsxtract_matched_tsfresh    1000x100    heavy_tailed  skip (already recorded)
  [317/495] antropy                   1000x100    heavy_tailed  skip (already recorded)
  [318/495] tsflex                    1000x100    heavy_tailed  skip (already recorded)
  [319/495] sktime_catch22            1000x100    heavy_tailed  skip (already recorded)
  [320/495] catch22                   1000x100    sinusoid      skip (already recorded)
  [321/495] tsfel                     1000x100    sinusoid      skip (already recorded)
  [322/495] tsfel_matched             1000x100    sinusoid      skip (already recorded)
  [323/495] tsxtract_matched_tsfel    1000x100    sinusoid      skip (already recorded)
  [324/495] tsfresh_e2e               1000x100    sinusoid      skip (already recorded)
  [325/495] tsfresh_extract_only      1000x100    sinusoid      skip (already recorded)
  [326/495] tsfresh_matched           1000x100    sinusoid      skip (already recorded)
  [327/495] tsxtract_matched_tsfresh    1000x100    sinusoid      skip (already recorded)
  [328/495] antropy                   1000x100    sinusoid      skip (already recorded)
  [329/495] tsflex                    1000x100    sinusoid      skip (already recorded)
  [330/495] sktime_catch22            1000x100    sinusoid      skip (already recorded)
  [331/495] catch22                    100x5000   gaussian      skip (already recorded)
  [332/495] tsfel                      100x5000   gaussian      skip (already recorded)
  [333/495] tsfel_matched              100x5000   gaussian      skip (already recorded)
  [334/495] tsxtract_matched_tsfel     100x5000   gaussian      skip (already recorded)
  [335/495] tsfresh_e2e                100x5000   gaussian      skip (already recorded)
  [336/495] tsfresh_extract_only       100x5000   gaussian      skip (already recorded)
  [337/495] tsfresh_matched            100x5000   gaussian      skip (already recorded)
  [338/495] tsxtract_matched_tsfresh     100x5000   gaussian      skip (already recorded)
  [339/495] antropy                    100x5000   gaussian      skip (already recorded)
  [340/495] tsflex                     100x5000   gaussian      skip (already recorded)
  [341/495] sktime_catch22             100x5000   gaussian      skip (already recorded)
  [342/495] catch22                    100x5000   random_walk   skip (already recorded)
  [343/495] tsfel                      100x5000   random_walk   skip (already recorded)
  [344/495] tsfel_matched              100x5000   random_walk   skip (already recorded)
  [345/495] tsxtract_matched_tsfel     100x5000   random_walk   skip (already recorded)
  [346/495] tsfresh_e2e                100x5000   random_walk   skip (already recorded)
  [347/495] tsfresh_extract_only       100x5000   random_walk   skip (already recorded)
  [348/495] tsfresh_matched            100x5000   random_walk   skip (already recorded)
  [349/495] tsxtract_matched_tsfresh     100x5000   random_walk   skip (already recorded)
  [350/495] antropy                    100x5000   random_walk   skip (already recorded)
  [351/495] tsflex                     100x5000   random_walk   skip (already recorded)
  [352/495] sktime_catch22             100x5000   random_walk   skip (already recorded)
  [353/495] catch22                    100x5000   ar1           skip (already recorded)
  [354/495] tsfel                      100x5000   ar1           skip (already recorded)
  [355/495] tsfel_matched              100x5000   ar1           skip (already recorded)
  [356/495] tsxtract_matched_tsfel     100x5000   ar1           skip (already recorded)
  [357/495] tsfresh_e2e                100x5000   ar1           skip (already recorded)
  [358/495] tsfresh_extract_only       100x5000   ar1           skip (already recorded)
  [359/495] tsfresh_matched            100x5000   ar1           skip (already recorded)
  [360/495] tsxtract_matched_tsfresh     100x5000   ar1           skip (already recorded)
  [361/495] antropy                    100x5000   ar1           skip (already recorded)
  [362/495] tsflex                     100x5000   ar1           skip (already recorded)
  [363/495] sktime_catch22             100x5000   ar1           skip (already recorded)
  [364/495] catch22                    100x5000   heavy_tailed  skip (already recorded)
  [365/495] tsfel                      100x5000   heavy_tailed  skip (already recorded)
  [366/495] tsfel_matched              100x5000   heavy_tailed  skip (already recorded)
  [367/495] tsxtract_matched_tsfel     100x5000   heavy_tailed  skip (already recorded)
  [368/495] tsfresh_e2e                100x5000   heavy_tailed  skip (already recorded)
  [369/495] tsfresh_extract_only       100x5000   heavy_tailed  skip (already recorded)
  [370/495] tsfresh_matched            100x5000   heavy_tailed  skip (already recorded)
  [371/495] tsxtract_matched_tsfresh     100x5000   heavy_tailed  skip (already recorded)
  [372/495] antropy                    100x5000   heavy_tailed  skip (already recorded)
  [373/495] tsflex                     100x5000   heavy_tailed  skip (already recorded)
  [374/495] sktime_catch22             100x5000   heavy_tailed  skip (already recorded)
  [375/495] catch22                    100x5000   sinusoid      skip (already recorded)
  [376/495] tsfel                      100x5000   sinusoid      (timeout 90s)... ok       median=   3277.32 ms n_feat=156 µs/sf=210.085
  [377/495] tsfel_matched              100x5000   sinusoid      (timeout 90s)... ok       median=   2650.16 ms n_feat=13 µs/sf=2038.581
  [378/495] tsxtract_matched_tsfel     100x5000   sinusoid      (timeout 90s)... ok       median=      3.65 ms n_feat=13 µs/sf=2.808
  [379/495] tsfresh_e2e                100x5000   sinusoid      (timeout 90s)... ok       median=  22325.18 ms n_feat=777 µs/sf=287.325
  [380/495] tsfresh_extract_only       100x5000   sinusoid      (timeout 90s)... ok       median=  23976.28 ms n_feat=777 µs/sf=308.575
  [381/495] tsfresh_matched            100x5000   sinusoid      (timeout 90s)... ok       median=   7222.55 ms n_feat=13 µs/sf=5555.807
  [382/495] tsxtract_matched_tsfresh     100x5000   sinusoid      (timeout 90s)... ok       median=      4.24 ms n_feat=13 µs/sf=3.259
  [383/495] antropy                    100x5000   sinusoid      (timeout 90s)... ok       median=  20438.08 ms n_feat=8 µs/sf=25547.602
  [384/495] tsflex                     100x5000   sinusoid      (timeout 90s)... ok       median=   1621.23 ms n_feat=7 µs/sf=2316.036
  [385/495] sktime_catch22             100x5000   sinusoid      (timeout 90s)... ok       median=   1163.57 ms n_feat=22 µs/sf=528.895
  [386/495] catch22                      1x100    gaussian      (timeout 90s)... ok       median=      0.26 ms n_feat=22 µs/sf=11.741
  [387/495] tsfel                        1x100    gaussian      (timeout 90s)... ok       median=   4042.32 ms n_feat=156 µs/sf=25912.315
  [388/495] tsfel_matched                1x100    gaussian      (timeout 90s)... ok       median=   3279.82 ms n_feat=13 µs/sf=252294.185
  [389/495] tsxtract_matched_tsfel       1x100    gaussian      (timeout 90s)... ok       median=      0.40 ms n_feat=13 µs/sf=31.062
  [390/495] tsfresh_e2e                  1x100    gaussian      (timeout 90s)... ok       median=  17881.17 ms n_feat=777 µs/sf=23013.089
  [391/495] tsfresh_extract_only         1x100    gaussian      (timeout 90s)... ok       median=  10723.72 ms n_feat=777 µs/sf=13801.445
  [392/495] tsfresh_matched              1x100    gaussian      (timeout 90s)... ok       median=  10006.37 ms n_feat=13 µs/sf=769720.538
  [393/495] tsxtract_matched_tsfresh       1x100    gaussian      (timeout 90s)... ok       median=      0.49 ms n_feat=13 µs/sf=37.777
  [394/495] antropy                      1x100    gaussian      (timeout 90s)... ok       median=      0.82 ms n_feat=8 µs/sf=102.619
  [395/495] tsflex                       1x100    gaussian      (timeout 90s)... ok       median=     11.27 ms n_feat=7 µs/sf=1610.264
  [396/495] sktime_catch22               1x100    gaussian      (timeout 90s)... ok       median=     24.63 ms n_feat=22 µs/sf=1119.323
  [397/495] catch22                      1x100    random_walk   (timeout 90s)... ok       median=      0.46 ms n_feat=22 µs/sf=20.807
  [398/495] tsfel                        1x100    random_walk   (timeout 90s)... ok       median=   2305.90 ms n_feat=156 µs/sf=14781.391
  [399/495] tsfel_matched                1x100    random_walk   (timeout 90s)... ok       median=   2304.14 ms n_feat=13 µs/sf=177241.858
  [400/495] tsxtract_matched_tsfel       1x100    random_walk   (timeout 90s)... ok       median=      0.38 ms n_feat=13 µs/sf=29.550
  [401/495] tsfresh_e2e                  1x100    random_walk   (timeout 90s)... ok       median=   9556.94 ms n_feat=777 µs/sf=12299.790
  [402/495] tsfresh_extract_only         1x100    random_walk   (timeout 90s)... ok       median=  13684.65 ms n_feat=777 µs/sf=17612.162
  [403/495] tsfresh_matched              1x100    random_walk   (timeout 90s)... ok       median=   8035.58 ms n_feat=13 µs/sf=618121.554
  [404/495] tsxtract_matched_tsfresh       1x100    random_walk   (timeout 90s)... ok       median=      0.50 ms n_feat=13 µs/sf=38.688
  [405/495] antropy                      1x100    random_walk   (timeout 90s)... ok       median=      1.67 ms n_feat=8 µs/sf=209.094
  [406/495] tsflex                       1x100    random_walk   (timeout 90s)... ok       median=     16.71 ms n_feat=7 µs/sf=2387.307
  [407/495] sktime_catch22               1x100    random_walk   (timeout 90s)... ok       median=     27.75 ms n_feat=22 µs/sf=1261.141
  [408/495] catch22                      1x100    ar1           (timeout 90s)... ok       median=      0.46 ms n_feat=22 µs/sf=20.770
  [409/495] tsfel                        1x100    ar1           (timeout 90s)... ok       median=   3374.54 ms n_feat=156 µs/sf=21631.645
  [410/495] tsfel_matched                1x100    ar1           (timeout 90s)... ok       median=   2218.65 ms n_feat=13 µs/sf=170665.081
  [411/495] tsxtract_matched_tsfel       1x100    ar1           (timeout 90s)... ok       median=      0.38 ms n_feat=13 µs/sf=29.435
  [412/495] tsfresh_e2e                  1x100    ar1           (timeout 90s)... ok       median=   7281.62 ms n_feat=777 µs/sf=9371.448
  [413/495] tsfresh_extract_only         1x100    ar1           (timeout 90s)... ok       median=   7221.46 ms n_feat=777 µs/sf=9294.035
  [414/495] tsfresh_matched              1x100    ar1           (timeout 90s)... ok       median=   7180.16 ms n_feat=13 µs/sf=552319.708
  [415/495] tsxtract_matched_tsfresh       1x100    ar1           (timeout 90s)... ok       median=      0.38 ms n_feat=13 µs/sf=29.612
  [416/495] antropy                      1x100    ar1           (timeout 90s)... ok       median=      0.90 ms n_feat=8 µs/sf=112.506
  [417/495] tsflex                       1x100    ar1           (timeout 90s)... ok       median=      4.76 ms n_feat=7 µs/sf=679.514
  [418/495] sktime_catch22               1x100    ar1           (timeout 90s)... ok       median=     26.80 ms n_feat=22 µs/sf=1218.273
  [419/495] catch22                      1x100    heavy_tailed  (timeout 90s)... ok       median=      0.53 ms n_feat=22 µs/sf=24.157
  [420/495] tsfel                        1x100    heavy_tailed  (timeout 90s)... ok       median=   2159.00 ms n_feat=156 µs/sf=13839.775
  [421/495] tsfel_matched                1x100    heavy_tailed  (timeout 90s)... ok       median=   2143.60 ms n_feat=13 µs/sf=164892.292
  [422/495] tsxtract_matched_tsfel       1x100    heavy_tailed  (timeout 90s)... ok       median=      0.36 ms n_feat=13 µs/sf=27.604
  [423/495] tsfresh_e2e                  1x100    heavy_tailed  (timeout 90s)... ok       median=   7202.19 ms n_feat=777 µs/sf=9269.226
  [424/495] tsfresh_extract_only         1x100    heavy_tailed  (timeout 90s)... ok       median=   7613.94 ms n_feat=777 µs/sf=9799.147
  [425/495] tsfresh_matched              1x100    heavy_tailed  (timeout 90s)... ok       median=   7247.79 ms n_feat=13 µs/sf=557522.331
  [426/495] tsxtract_matched_tsfresh       1x100    heavy_tailed  (timeout 90s)... ok       median=      0.43 ms n_feat=13 µs/sf=33.181
  [427/495] antropy                      1x100    heavy_tailed  (timeout 90s)... ok       median=      0.83 ms n_feat=8 µs/sf=104.113
  [428/495] tsflex                       1x100    heavy_tailed  (timeout 90s)... ok       median=      4.64 ms n_feat=7 µs/sf=662.857
  [429/495] sktime_catch22               1x100    heavy_tailed  (timeout 90s)... ok       median=     26.59 ms n_feat=22 µs/sf=1208.680
  [430/495] catch22                      1x100    sinusoid      (timeout 90s)... ok       median=      0.26 ms n_feat=22 µs/sf=12.027
  [431/495] tsfel                        1x100    sinusoid      (timeout 90s)... ok       median=   2169.72 ms n_feat=156 µs/sf=13908.450
  [432/495] tsfel_matched                1x100    sinusoid      (timeout 90s)... ok       median=   2120.00 ms n_feat=13 µs/sf=163077.235
  [433/495] tsxtract_matched_tsfel       1x100    sinusoid      (timeout 90s)... ok       median=      0.37 ms n_feat=13 µs/sf=28.488
  [434/495] tsfresh_e2e                  1x100    sinusoid      (timeout 90s)... ok       median=   7364.64 ms n_feat=777 µs/sf=9478.306
  [435/495] tsfresh_extract_only         1x100    sinusoid      (timeout 90s)... ok       median=   7078.65 ms n_feat=777 µs/sf=9110.228
  [436/495] tsfresh_matched              1x100    sinusoid      (timeout 90s)... ok       median=   7263.87 ms n_feat=13 µs/sf=558759.169
  [437/495] tsxtract_matched_tsfresh       1x100    sinusoid      (timeout 90s)... ok       median=      0.40 ms n_feat=13 µs/sf=31.042
  [438/495] antropy                      1x100    sinusoid      (timeout 90s)... ok       median=      0.74 ms n_feat=8 µs/sf=92.675
  [439/495] tsflex                       1x100    sinusoid      (timeout 90s)... ok       median=      4.62 ms n_feat=7 µs/sf=659.707
  [440/495] sktime_catch22               1x100    sinusoid      (timeout 90s)... ok       median=     26.76 ms n_feat=22 µs/sf=1216.445
  [441/495] catch22                      1x10000  gaussian      (timeout 90s)... ok       median=     41.51 ms n_feat=22 µs/sf=1886.884
  [442/495] tsfel                        1x10000  gaussian      (timeout 90s)... ok       median=   2185.08 ms n_feat=156 µs/sf=14006.900
  [443/495] tsfel_matched                1x10000  gaussian      (timeout 90s)... ok       median=   2118.91 ms n_feat=13 µs/sf=162992.965
  [444/495] tsxtract_matched_tsfel       1x10000  gaussian      (timeout 90s)... ok       median=      0.77 ms n_feat=13 µs/sf=59.454
  [445/495] tsfresh_e2e                  1x10000  gaussian      (timeout 90s)... ok       median=   7936.26 ms n_feat=777 µs/sf=10213.977
  [446/495] tsfresh_extract_only         1x10000  gaussian      (timeout 90s)... ok       median=  11432.14 ms n_feat=777 µs/sf=14713.181
  [447/495] tsfresh_matched              1x10000  gaussian      (timeout 90s)... ok       median=   8633.58 ms n_feat=13 µs/sf=664121.162
  [448/495] tsxtract_matched_tsfresh       1x10000  gaussian      (timeout 90s)... ok       median=      0.72 ms n_feat=13 µs/sf=55.138
  [449/495] antropy                      1x10000  gaussian      (timeout 90s)... ok       median=    237.56 ms n_feat=8 µs/sf=29694.425
  [450/495] tsflex                       1x10000  gaussian      (timeout 90s)... ok       median=      6.22 ms n_feat=7 µs/sf=888.771
  [451/495] sktime_catch22               1x10000  gaussian      (timeout 90s)... ok       median=     64.21 ms n_feat=22 µs/sf=2918.691
  [452/495] catch22                      1x10000  random_walk   (timeout 90s)... ok       median=     60.02 ms n_feat=22 µs/sf=2728.223
  [453/495] tsfel                        1x10000  random_walk   (timeout 90s)... ok       median=   2266.26 ms n_feat=156 µs/sf=14527.313
  [454/495] tsfel_matched                1x10000  random_walk   (timeout 90s)... ok       median=   2173.76 ms n_feat=13 µs/sf=167212.638
  [455/495] tsxtract_matched_tsfel       1x10000  random_walk   (timeout 90s)... ok       median=      0.79 ms n_feat=13 µs/sf=60.854
  [456/495] tsfresh_e2e                  1x10000  random_walk   (timeout 90s)... ok       median=  10313.85 ms n_feat=777 µs/sf=13273.936
  [457/495] tsfresh_extract_only         1x10000  random_walk   (timeout 90s)... ok       median=  16255.51 ms n_feat=777 µs/sf=20920.868
  [458/495] tsfresh_matched              1x10000  random_walk   (timeout 90s)...   [resume] 457 case_ids already in throughput_competitors.jsonl
====================================================================================================
  B3 Competitor Throughput Matrix (same shapes as baseline suite)
  variants: ['catch22', 'tsfel', 'tsfel_matched', 'tsxtract_matched_tsfel', 'tsfresh_e2e', 'tsfresh_extract_only', 'tsfresh_matched', 'tsxtract_matched_tsfresh', 'antropy', 'tsflex', 'sktime_catch22']
  shapes: [(10, 500), (100, 500), (1000, 500), (10000, 500), (100, 100), (1000, 100), (100, 5000), (1, 100), (1, 10000)]
  dists: ['gaussian', 'random_walk', 'ar1', 'heavy_tailed', 'sinusoid']   threads: 16
  output: F:\Active Repo\Tsxtract\benches\results\throughput_competitors.jsonl
====================================================================================================
  [OK]      catch22                (catch22/default)
  [OK]      tsfel                  (tsfel/default)
  [OK]      tsfel_matched          (tsfel/matched)
  [OK]      tsxtract_matched_tsfel (tsxtract/matched_tsfel)
  [OK]      tsfresh_e2e            (tsfresh/efficient)
  [OK]      tsfresh_extract_only   (tsfresh/efficient)
  [OK]      tsfresh_matched        (tsfresh/matched)
  [OK]      tsxtract_matched_tsfresh (tsxtract/matched_tsfresh)
  [OK]      antropy                (antropy/default)
  [OK]      tsflex                 (tsflex/default)
  [OK]      sktime_catch22         (sktime/catch22)

Running 495 cases...

  [  1/495] catch22                     10x500    gaussian      skip (already recorded)
  [  2/495] tsfel                       10x500    gaussian      skip (already recorded)
  [  3/495] tsfel_matched               10x500    gaussian      skip (already recorded)
  [  4/495] tsxtract_matched_tsfel      10x500    gaussian      skip (already recorded)
  [  5/495] tsfresh_e2e                 10x500    gaussian      skip (already recorded)
  [  6/495] tsfresh_extract_only        10x500    gaussian      skip (already recorded)
  [  7/495] tsfresh_matched             10x500    gaussian      skip (already recorded)
  [  8/495] tsxtract_matched_tsfresh      10x500    gaussian      skip (already recorded)
  [  9/495] antropy                     10x500    gaussian      skip (already recorded)
  [ 10/495] tsflex                      10x500    gaussian      skip (already recorded)
  [ 11/495] sktime_catch22              10x500    gaussian      skip (already recorded)
  [ 12/495] catch22                     10x500    random_walk   skip (already recorded)
  [ 13/495] tsfel                       10x500    random_walk   skip (already recorded)
  [ 14/495] tsfel_matched               10x500    random_walk   skip (already recorded)
  [ 15/495] tsxtract_matched_tsfel      10x500    random_walk   skip (already recorded)
  [ 16/495] tsfresh_e2e                 10x500    random_walk   skip (already recorded)
  [ 17/495] tsfresh_extract_only        10x500    random_walk   skip (already recorded)
  [ 18/495] tsfresh_matched             10x500    random_walk   skip (already recorded)
  [ 19/495] tsxtract_matched_tsfresh      10x500    random_walk   skip (already recorded)
  [ 20/495] antropy                     10x500    random_walk   skip (already recorded)
  [ 21/495] tsflex                      10x500    random_walk   skip (already recorded)
  [ 22/495] sktime_catch22              10x500    random_walk   skip (already recorded)
  [ 23/495] catch22                     10x500    ar1           skip (already recorded)
  [ 24/495] tsfel                       10x500    ar1           skip (already recorded)
  [ 25/495] tsfel_matched               10x500    ar1           skip (already recorded)
  [ 26/495] tsxtract_matched_tsfel      10x500    ar1           skip (already recorded)
  [ 27/495] tsfresh_e2e                 10x500    ar1           skip (already recorded)
  [ 28/495] tsfresh_extract_only        10x500    ar1           skip (already recorded)
  [ 29/495] tsfresh_matched             10x500    ar1           skip (already recorded)
  [ 30/495] tsxtract_matched_tsfresh      10x500    ar1           skip (already recorded)
  [ 31/495] antropy                     10x500    ar1           skip (already recorded)
  [ 32/495] tsflex                      10x500    ar1           skip (already recorded)
  [ 33/495] sktime_catch22              10x500    ar1           skip (already recorded)
  [ 34/495] catch22                     10x500    heavy_tailed  skip (already recorded)
  [ 35/495] tsfel                       10x500    heavy_tailed  skip (already recorded)
  [ 36/495] tsfel_matched               10x500    heavy_tailed  skip (already recorded)
  [ 37/495] tsxtract_matched_tsfel      10x500    heavy_tailed  skip (already recorded)
  [ 38/495] tsfresh_e2e                 10x500    heavy_tailed  skip (already recorded)
  [ 39/495] tsfresh_extract_only        10x500    heavy_tailed  skip (already recorded)
  [ 40/495] tsfresh_matched             10x500    heavy_tailed  skip (already recorded)
  [ 41/495] tsxtract_matched_tsfresh      10x500    heavy_tailed  skip (already recorded)
  [ 42/495] antropy                     10x500    heavy_tailed  skip (already recorded)
  [ 43/495] tsflex                      10x500    heavy_tailed  skip (already recorded)
  [ 44/495] sktime_catch22              10x500    heavy_tailed  skip (already recorded)
  [ 45/495] catch22                     10x500    sinusoid      skip (already recorded)
  [ 46/495] tsfel                       10x500    sinusoid      skip (already recorded)
  [ 47/495] tsfel_matched               10x500    sinusoid      skip (already recorded)
  [ 48/495] tsxtract_matched_tsfel      10x500    sinusoid      skip (already recorded)
  [ 49/495] tsfresh_e2e                 10x500    sinusoid      skip (already recorded)
  [ 50/495] tsfresh_extract_only        10x500    sinusoid      skip (already recorded)
  [ 51/495] tsfresh_matched             10x500    sinusoid      skip (already recorded)
  [ 52/495] tsxtract_matched_tsfresh      10x500    sinusoid      skip (already recorded)
  [ 53/495] antropy                     10x500    sinusoid      skip (already recorded)
  [ 54/495] tsflex                      10x500    sinusoid      skip (already recorded)
  [ 55/495] sktime_catch22              10x500    sinusoid      skip (already recorded)
  [ 56/495] catch22                    100x500    gaussian      skip (already recorded)
  [ 57/495] tsfel                      100x500    gaussian      skip (already recorded)
  [ 58/495] tsfel_matched              100x500    gaussian      skip (already recorded)
  [ 59/495] tsxtract_matched_tsfel     100x500    gaussian      skip (already recorded)
  [ 60/495] tsfresh_e2e                100x500    gaussian      skip (already recorded)
  [ 61/495] tsfresh_extract_only       100x500    gaussian      skip (already recorded)
  [ 62/495] tsfresh_matched            100x500    gaussian      skip (already recorded)
  [ 63/495] tsxtract_matched_tsfresh     100x500    gaussian      skip (already recorded)
  [ 64/495] antropy                    100x500    gaussian      skip (already recorded)
  [ 65/495] tsflex                     100x500    gaussian      skip (already recorded)
  [ 66/495] sktime_catch22             100x500    gaussian      skip (already recorded)
  [ 67/495] catch22                    100x500    random_walk   skip (already recorded)
  [ 68/495] tsfel                      100x500    random_walk   skip (already recorded)
  [ 69/495] tsfel_matched              100x500    random_walk   skip (already recorded)
  [ 70/495] tsxtract_matched_tsfel     100x500    random_walk   skip (already recorded)
  [ 71/495] tsfresh_e2e                100x500    random_walk   skip (already recorded)
  [ 72/495] tsfresh_extract_only       100x500    random_walk   skip (already recorded)
  [ 73/495] tsfresh_matched            100x500    random_walk   skip (already recorded)
  [ 74/495] tsxtract_matched_tsfresh     100x500    random_walk   skip (already recorded)
  [ 75/495] antropy                    100x500    random_walk   skip (already recorded)
  [ 76/495] tsflex                     100x500    random_walk   skip (already recorded)
  [ 77/495] sktime_catch22             100x500    random_walk   skip (already recorded)
  [ 78/495] catch22                    100x500    ar1           skip (already recorded)
  [ 79/495] tsfel                      100x500    ar1           skip (already recorded)
  [ 80/495] tsfel_matched              100x500    ar1           skip (already recorded)
  [ 81/495] tsxtract_matched_tsfel     100x500    ar1           skip (already recorded)
  [ 82/495] tsfresh_e2e                100x500    ar1           skip (already recorded)
  [ 83/495] tsfresh_extract_only       100x500    ar1           skip (already recorded)
  [ 84/495] tsfresh_matched            100x500    ar1           skip (already recorded)
  [ 85/495] tsxtract_matched_tsfresh     100x500    ar1           skip (already recorded)
  [ 86/495] antropy                    100x500    ar1           skip (already recorded)
  [ 87/495] tsflex                     100x500    ar1           skip (already recorded)
  [ 88/495] sktime_catch22             100x500    ar1           skip (already recorded)
  [ 89/495] catch22                    100x500    heavy_tailed  skip (already recorded)
  [ 90/495] tsfel                      100x500    heavy_tailed  skip (already recorded)
  [ 91/495] tsfel_matched              100x500    heavy_tailed  skip (already recorded)
  [ 92/495] tsxtract_matched_tsfel     100x500    heavy_tailed  skip (already recorded)
  [ 93/495] tsfresh_e2e                100x500    heavy_tailed  skip (already recorded)
  [ 94/495] tsfresh_extract_only       100x500    heavy_tailed  skip (already recorded)
  [ 95/495] tsfresh_matched            100x500    heavy_tailed  skip (already recorded)
  [ 96/495] tsxtract_matched_tsfresh     100x500    heavy_tailed  skip (already recorded)
  [ 97/495] antropy                    100x500    heavy_tailed  skip (already recorded)
  [ 98/495] tsflex                     100x500    heavy_tailed  skip (already recorded)
  [ 99/495] sktime_catch22             100x500    heavy_tailed  skip (already recorded)
  [100/495] catch22                    100x500    sinusoid      skip (already recorded)
  [101/495] tsfel                      100x500    sinusoid      skip (already recorded)
  [102/495] tsfel_matched              100x500    sinusoid      skip (already recorded)
  [103/495] tsxtract_matched_tsfel     100x500    sinusoid      skip (already recorded)
  [104/495] tsfresh_e2e                100x500    sinusoid      skip (already recorded)
  [105/495] tsfresh_extract_only       100x500    sinusoid      skip (already recorded)
  [106/495] tsfresh_matched            100x500    sinusoid      skip (already recorded)
  [107/495] tsxtract_matched_tsfresh     100x500    sinusoid      skip (already recorded)
  [108/495] antropy                    100x500    sinusoid      skip (already recorded)
  [109/495] tsflex                     100x500    sinusoid      skip (already recorded)
  [110/495] sktime_catch22             100x500    sinusoid      skip (already recorded)
  [111/495] catch22                   1000x500    gaussian      skip (already recorded)
  [112/495] tsfel                     1000x500    gaussian      skip (already recorded)
  [113/495] tsfel_matched             1000x500    gaussian      skip (already recorded)
  [114/495] tsxtract_matched_tsfel    1000x500    gaussian      skip (already recorded)
  [115/495] tsfresh_e2e               1000x500    gaussian      skip (already recorded)
  [116/495] tsfresh_extract_only      1000x500    gaussian      skip (already recorded)
  [117/495] tsfresh_matched           1000x500    gaussian      skip (already recorded)
  [118/495] tsxtract_matched_tsfresh    1000x500    gaussian      skip (already recorded)
  [119/495] antropy                   1000x500    gaussian      skip (already recorded)
  [120/495] tsflex                    1000x500    gaussian      skip (already recorded)
  [121/495] sktime_catch22            1000x500    gaussian      skip (already recorded)
  [122/495] catch22                   1000x500    random_walk   skip (already recorded)
  [123/495] tsfel                     1000x500    random_walk   skip (already recorded)
  [124/495] tsfel_matched             1000x500    random_walk   skip (already recorded)
  [125/495] tsxtract_matched_tsfel    1000x500    random_walk   skip (already recorded)
  [126/495] tsfresh_e2e               1000x500    random_walk   skip (already recorded)
  [127/495] tsfresh_extract_only      1000x500    random_walk   skip (already recorded)
  [128/495] tsfresh_matched           1000x500    random_walk   skip (already recorded)
  [129/495] tsxtract_matched_tsfresh    1000x500    random_walk   skip (already recorded)
  [130/495] antropy                   1000x500    random_walk   skip (already recorded)
  [131/495] tsflex                    1000x500    random_walk   skip (already recorded)
  [132/495] sktime_catch22            1000x500    random_walk   skip (already recorded)
  [133/495] catch22                   1000x500    ar1           skip (already recorded)
  [134/495] tsfel                     1000x500    ar1           skip (already recorded)
  [135/495] tsfel_matched             1000x500    ar1           skip (already recorded)
  [136/495] tsxtract_matched_tsfel    1000x500    ar1           skip (already recorded)
  [137/495] tsfresh_e2e               1000x500    ar1           skip (already recorded)
  [138/495] tsfresh_extract_only      1000x500    ar1           skip (already recorded)
  [139/495] tsfresh_matched           1000x500    ar1           skip (already recorded)
  [140/495] tsxtract_matched_tsfresh    1000x500    ar1           skip (already recorded)
  [141/495] antropy                   1000x500    ar1           skip (already recorded)
  [142/495] tsflex                    1000x500    ar1           skip (already recorded)
  [143/495] sktime_catch22            1000x500    ar1           skip (already recorded)
  [144/495] catch22                   1000x500    heavy_tailed  skip (already recorded)
  [145/495] tsfel                     1000x500    heavy_tailed  skip (already recorded)
  [146/495] tsfel_matched             1000x500    heavy_tailed  skip (already recorded)
  [147/495] tsxtract_matched_tsfel    1000x500    heavy_tailed  skip (already recorded)
  [148/495] tsfresh_e2e               1000x500    heavy_tailed  skip (already recorded)
  [149/495] tsfresh_extract_only      1000x500    heavy_tailed  skip (already recorded)
  [150/495] tsfresh_matched           1000x500    heavy_tailed  skip (already recorded)
  [151/495] tsxtract_matched_tsfresh    1000x500    heavy_tailed  skip (already recorded)
  [152/495] antropy                   1000x500    heavy_tailed  skip (already recorded)
  [153/495] tsflex                    1000x500    heavy_tailed  skip (already recorded)
  [154/495] sktime_catch22            1000x500    heavy_tailed  skip (already recorded)
  [155/495] catch22                   1000x500    sinusoid      skip (already recorded)
  [156/495] tsfel                     1000x500    sinusoid      skip (already recorded)
  [157/495] tsfel_matched             1000x500    sinusoid      skip (already recorded)
  [158/495] tsxtract_matched_tsfel    1000x500    sinusoid      skip (already recorded)
  [159/495] tsfresh_e2e               1000x500    sinusoid      skip (already recorded)
  [160/495] tsfresh_extract_only      1000x500    sinusoid      skip (already recorded)
  [161/495] tsfresh_matched           1000x500    sinusoid      skip (already recorded)
  [162/495] tsxtract_matched_tsfresh    1000x500    sinusoid      skip (already recorded)
  [163/495] antropy                   1000x500    sinusoid      skip (already recorded)
  [164/495] tsflex                    1000x500    sinusoid      skip (already recorded)
  [165/495] sktime_catch22            1000x500    sinusoid      skip (already recorded)
  [166/495] catch22                  10000x500    gaussian      skip (already recorded)
  [167/495] tsfel                    10000x500    gaussian      skip (already recorded)
  [168/495] tsfel_matched            10000x500    gaussian      skip (already recorded)
  [169/495] tsxtract_matched_tsfel   10000x500    gaussian      skip (already recorded)
  [170/495] tsfresh_e2e              10000x500    gaussian      skip (already recorded)
  [171/495] tsfresh_extract_only     10000x500    gaussian      skip (already recorded)
  [172/495] tsfresh_matched          10000x500    gaussian      skip (already recorded)
  [173/495] tsxtract_matched_tsfresh   10000x500    gaussian      skip (already recorded)
  [174/495] antropy                  10000x500    gaussian      skip (already recorded)
  [175/495] tsflex                   10000x500    gaussian      skip (already recorded)
  [176/495] sktime_catch22           10000x500    gaussian      skip (already recorded)
  [177/495] catch22                  10000x500    random_walk   skip (already recorded)
  [178/495] tsfel                    10000x500    random_walk   skip (already recorded)
  [179/495] tsfel_matched            10000x500    random_walk   skip (already recorded)
  [180/495] tsxtract_matched_tsfel   10000x500    random_walk   skip (already recorded)
  [181/495] tsfresh_e2e              10000x500    random_walk   skip (already recorded)
  [182/495] tsfresh_extract_only     10000x500    random_walk   skip (already recorded)
  [183/495] tsfresh_matched          10000x500    random_walk   skip (already recorded)
  [184/495] tsxtract_matched_tsfresh   10000x500    random_walk   skip (already recorded)
  [185/495] antropy                  10000x500    random_walk   skip (already recorded)
  [186/495] tsflex                   10000x500    random_walk   skip (already recorded)
  [187/495] sktime_catch22           10000x500    random_walk   skip (already recorded)
  [188/495] catch22                  10000x500    ar1           skip (already recorded)
  [189/495] tsfel                    10000x500    ar1           skip (already recorded)
  [190/495] tsfel_matched            10000x500    ar1           skip (already recorded)
  [191/495] tsxtract_matched_tsfel   10000x500    ar1           skip (already recorded)
  [192/495] tsfresh_e2e              10000x500    ar1           skip (already recorded)
  [193/495] tsfresh_extract_only     10000x500    ar1           skip (already recorded)
  [194/495] tsfresh_matched          10000x500    ar1           skip (already recorded)
  [195/495] tsxtract_matched_tsfresh   10000x500    ar1           skip (already recorded)
  [196/495] antropy                  10000x500    ar1           skip (already recorded)
  [197/495] tsflex                   10000x500    ar1           skip (already recorded)
  [198/495] sktime_catch22           10000x500    ar1           skip (already recorded)
  [199/495] catch22                  10000x500    heavy_tailed  skip (already recorded)
  [200/495] tsfel                    10000x500    heavy_tailed  skip (already recorded)
  [201/495] tsfel_matched            10000x500    heavy_tailed  skip (already recorded)
  [202/495] tsxtract_matched_tsfel   10000x500    heavy_tailed  skip (already recorded)
  [203/495] tsfresh_e2e              10000x500    heavy_tailed  skip (already recorded)
  [204/495] tsfresh_extract_only     10000x500    heavy_tailed  skip (already recorded)
  [205/495] tsfresh_matched          10000x500    heavy_tailed  skip (already recorded)
  [206/495] tsxtract_matched_tsfresh   10000x500    heavy_tailed  skip (already recorded)
  [207/495] antropy                  10000x500    heavy_tailed  skip (already recorded)
  [208/495] tsflex                   10000x500    heavy_tailed  skip (already recorded)
  [209/495] sktime_catch22           10000x500    heavy_tailed  skip (already recorded)
  [210/495] catch22                  10000x500    sinusoid      skip (already recorded)
  [211/495] tsfel                    10000x500    sinusoid      skip (already recorded)
  [212/495] tsfel_matched            10000x500    sinusoid      skip (already recorded)
  [213/495] tsxtract_matched_tsfel   10000x500    sinusoid      skip (already recorded)
  [214/495] tsfresh_e2e              10000x500    sinusoid      skip (already recorded)
  [215/495] tsfresh_extract_only     10000x500    sinusoid      skip (already recorded)
  [216/495] tsfresh_matched          10000x500    sinusoid      skip (already recorded)
  [217/495] tsxtract_matched_tsfresh   10000x500    sinusoid      skip (already recorded)
  [218/495] antropy                  10000x500    sinusoid      skip (already recorded)
  [219/495] tsflex                   10000x500    sinusoid      skip (already recorded)
  [220/495] sktime_catch22           10000x500    sinusoid      skip (already recorded)
  [221/495] catch22                    100x100    gaussian      skip (already recorded)
  [222/495] tsfel                      100x100    gaussian      skip (already recorded)
  [223/495] tsfel_matched              100x100    gaussian      skip (already recorded)
  [224/495] tsxtract_matched_tsfel     100x100    gaussian      skip (already recorded)
  [225/495] tsfresh_e2e                100x100    gaussian      skip (already recorded)
  [226/495] tsfresh_extract_only       100x100    gaussian      skip (already recorded)
  [227/495] tsfresh_matched            100x100    gaussian      skip (already recorded)
  [228/495] tsxtract_matched_tsfresh     100x100    gaussian      skip (already recorded)
  [229/495] antropy                    100x100    gaussian      skip (already recorded)
  [230/495] tsflex                     100x100    gaussian      skip (already recorded)
  [231/495] sktime_catch22             100x100    gaussian      skip (already recorded)
  [232/495] catch22                    100x100    random_walk   skip (already recorded)
  [233/495] tsfel                      100x100    random_walk   skip (already recorded)
  [234/495] tsfel_matched              100x100    random_walk   skip (already recorded)
  [235/495] tsxtract_matched_tsfel     100x100    random_walk   skip (already recorded)
  [236/495] tsfresh_e2e                100x100    random_walk   skip (already recorded)
  [237/495] tsfresh_extract_only       100x100    random_walk   skip (already recorded)
  [238/495] tsfresh_matched            100x100    random_walk   skip (already recorded)
  [239/495] tsxtract_matched_tsfresh     100x100    random_walk   skip (already recorded)
  [240/495] antropy                    100x100    random_walk   skip (already recorded)
  [241/495] tsflex                     100x100    random_walk   skip (already recorded)
  [242/495] sktime_catch22             100x100    random_walk   skip (already recorded)
  [243/495] catch22                    100x100    ar1           skip (already recorded)
  [244/495] tsfel                      100x100    ar1           skip (already recorded)
  [245/495] tsfel_matched              100x100    ar1           skip (already recorded)
  [246/495] tsxtract_matched_tsfel     100x100    ar1           skip (already recorded)
  [247/495] tsfresh_e2e                100x100    ar1           skip (already recorded)
  [248/495] tsfresh_extract_only       100x100    ar1           skip (already recorded)
  [249/495] tsfresh_matched            100x100    ar1           skip (already recorded)
  [250/495] tsxtract_matched_tsfresh     100x100    ar1           skip (already recorded)
  [251/495] antropy                    100x100    ar1           skip (already recorded)
  [252/495] tsflex                     100x100    ar1           skip (already recorded)
  [253/495] sktime_catch22             100x100    ar1           skip (already recorded)
  [254/495] catch22                    100x100    heavy_tailed  skip (already recorded)
  [255/495] tsfel                      100x100    heavy_tailed  skip (already recorded)
  [256/495] tsfel_matched              100x100    heavy_tailed  skip (already recorded)
  [257/495] tsxtract_matched_tsfel     100x100    heavy_tailed  skip (already recorded)
  [258/495] tsfresh_e2e                100x100    heavy_tailed  skip (already recorded)
  [259/495] tsfresh_extract_only       100x100    heavy_tailed  skip (already recorded)
  [260/495] tsfresh_matched            100x100    heavy_tailed  skip (already recorded)
  [261/495] tsxtract_matched_tsfresh     100x100    heavy_tailed  skip (already recorded)
  [262/495] antropy                    100x100    heavy_tailed  skip (already recorded)
  [263/495] tsflex                     100x100    heavy_tailed  skip (already recorded)
  [264/495] sktime_catch22             100x100    heavy_tailed  skip (already recorded)
  [265/495] catch22                    100x100    sinusoid      skip (already recorded)
  [266/495] tsfel                      100x100    sinusoid      skip (already recorded)
  [267/495] tsfel_matched              100x100    sinusoid      skip (already recorded)
  [268/495] tsxtract_matched_tsfel     100x100    sinusoid      skip (already recorded)
  [269/495] tsfresh_e2e                100x100    sinusoid      skip (already recorded)
  [270/495] tsfresh_extract_only       100x100    sinusoid      skip (already recorded)
  [271/495] tsfresh_matched            100x100    sinusoid      skip (already recorded)
  [272/495] tsxtract_matched_tsfresh     100x100    sinusoid      skip (already recorded)
  [273/495] antropy                    100x100    sinusoid      skip (already recorded)
  [274/495] tsflex                     100x100    sinusoid      skip (already recorded)
  [275/495] sktime_catch22             100x100    sinusoid      skip (already recorded)
  [276/495] catch22                   1000x100    gaussian      skip (already recorded)
  [277/495] tsfel                     1000x100    gaussian      skip (already recorded)
  [278/495] tsfel_matched             1000x100    gaussian      skip (already recorded)
  [279/495] tsxtract_matched_tsfel    1000x100    gaussian      skip (already recorded)
  [280/495] tsfresh_e2e               1000x100    gaussian      skip (already recorded)
  [281/495] tsfresh_extract_only      1000x100    gaussian      skip (already recorded)
  [282/495] tsfresh_matched           1000x100    gaussian      skip (already recorded)
  [283/495] tsxtract_matched_tsfresh    1000x100    gaussian      skip (already recorded)
  [284/495] antropy                   1000x100    gaussian      skip (already recorded)
  [285/495] tsflex                    1000x100    gaussian      skip (already recorded)
  [286/495] sktime_catch22            1000x100    gaussian      skip (already recorded)
  [287/495] catch22                   1000x100    random_walk   skip (already recorded)
  [288/495] tsfel                     1000x100    random_walk   skip (already recorded)
  [289/495] tsfel_matched             1000x100    random_walk   skip (already recorded)
  [290/495] tsxtract_matched_tsfel    1000x100    random_walk   skip (already recorded)
  [291/495] tsfresh_e2e               1000x100    random_walk   skip (already recorded)
  [292/495] tsfresh_extract_only      1000x100    random_walk   skip (already recorded)
  [293/495] tsfresh_matched           1000x100    random_walk   skip (already recorded)
  [294/495] tsxtract_matched_tsfresh    1000x100    random_walk   skip (already recorded)
  [295/495] antropy                   1000x100    random_walk   skip (already recorded)
  [296/495] tsflex                    1000x100    random_walk   skip (already recorded)
  [297/495] sktime_catch22            1000x100    random_walk   skip (already recorded)
  [298/495] catch22                   1000x100    ar1           skip (already recorded)
  [299/495] tsfel                     1000x100    ar1           skip (already recorded)
  [300/495] tsfel_matched             1000x100    ar1           skip (already recorded)
  [301/495] tsxtract_matched_tsfel    1000x100    ar1           skip (already recorded)
  [302/495] tsfresh_e2e               1000x100    ar1           skip (already recorded)
  [303/495] tsfresh_extract_only      1000x100    ar1           skip (already recorded)
  [304/495] tsfresh_matched           1000x100    ar1           skip (already recorded)
  [305/495] tsxtract_matched_tsfresh    1000x100    ar1           skip (already recorded)
  [306/495] antropy                   1000x100    ar1           skip (already recorded)
  [307/495] tsflex                    1000x100    ar1           skip (already recorded)
  [308/495] sktime_catch22            1000x100    ar1           skip (already recorded)
  [309/495] catch22                   1000x100    heavy_tailed  skip (already recorded)
  [310/495] tsfel                     1000x100    heavy_tailed  skip (already recorded)
  [311/495] tsfel_matched             1000x100    heavy_tailed  skip (already recorded)
  [312/495] tsxtract_matched_tsfel    1000x100    heavy_tailed  skip (already recorded)
  [313/495] tsfresh_e2e               1000x100    heavy_tailed  skip (already recorded)
  [314/495] tsfresh_extract_only      1000x100    heavy_tailed  skip (already recorded)
  [315/495] tsfresh_matched           1000x100    heavy_tailed  skip (already recorded)
  [316/495] tsxtract_matched_tsfresh    1000x100    heavy_tailed  skip (already recorded)
  [317/495] antropy                   1000x100    heavy_tailed  skip (already recorded)
  [318/495] tsflex                    1000x100    heavy_tailed  skip (already recorded)
  [319/495] sktime_catch22            1000x100    heavy_tailed  skip (already recorded)
  [320/495] catch22                   1000x100    sinusoid      skip (already recorded)
  [321/495] tsfel                     1000x100    sinusoid      skip (already recorded)
  [322/495] tsfel_matched             1000x100    sinusoid      skip (already recorded)
  [323/495] tsxtract_matched_tsfel    1000x100    sinusoid      skip (already recorded)
  [324/495] tsfresh_e2e               1000x100    sinusoid      skip (already recorded)
  [325/495] tsfresh_extract_only      1000x100    sinusoid      skip (already recorded)
  [326/495] tsfresh_matched           1000x100    sinusoid      skip (already recorded)
  [327/495] tsxtract_matched_tsfresh    1000x100    sinusoid      skip (already recorded)
  [328/495] antropy                   1000x100    sinusoid      skip (already recorded)
  [329/495] tsflex                    1000x100    sinusoid      skip (already recorded)
  [330/495] sktime_catch22            1000x100    sinusoid      skip (already recorded)
  [331/495] catch22                    100x5000   gaussian      skip (already recorded)
  [332/495] tsfel                      100x5000   gaussian      skip (already recorded)
  [333/495] tsfel_matched              100x5000   gaussian      skip (already recorded)
  [334/495] tsxtract_matched_tsfel     100x5000   gaussian      skip (already recorded)
  [335/495] tsfresh_e2e                100x5000   gaussian      skip (already recorded)
  [336/495] tsfresh_extract_only       100x5000   gaussian      skip (already recorded)
  [337/495] tsfresh_matched            100x5000   gaussian      skip (already recorded)
  [338/495] tsxtract_matched_tsfresh     100x5000   gaussian      skip (already recorded)
  [339/495] antropy                    100x5000   gaussian      skip (already recorded)
  [340/495] tsflex                     100x5000   gaussian      skip (already recorded)
  [341/495] sktime_catch22             100x5000   gaussian      skip (already recorded)
  [342/495] catch22                    100x5000   random_walk   skip (already recorded)
  [343/495] tsfel                      100x5000   random_walk   skip (already recorded)
  [344/495] tsfel_matched              100x5000   random_walk   skip (already recorded)
  [345/495] tsxtract_matched_tsfel     100x5000   random_walk   skip (already recorded)
  [346/495] tsfresh_e2e                100x5000   random_walk   skip (already recorded)
  [347/495] tsfresh_extract_only       100x5000   random_walk   skip (already recorded)
  [348/495] tsfresh_matched            100x5000   random_walk   skip (already recorded)
  [349/495] tsxtract_matched_tsfresh     100x5000   random_walk   skip (already recorded)
  [350/495] antropy                    100x5000   random_walk   skip (already recorded)
  [351/495] tsflex                     100x5000   random_walk   skip (already recorded)
  [352/495] sktime_catch22             100x5000   random_walk   skip (already recorded)
  [353/495] catch22                    100x5000   ar1           skip (already recorded)
  [354/495] tsfel                      100x5000   ar1           skip (already recorded)
  [355/495] tsfel_matched              100x5000   ar1           skip (already recorded)
  [356/495] tsxtract_matched_tsfel     100x5000   ar1           skip (already recorded)
  [357/495] tsfresh_e2e                100x5000   ar1           skip (already recorded)
  [358/495] tsfresh_extract_only       100x5000   ar1           skip (already recorded)
  [359/495] tsfresh_matched            100x5000   ar1           skip (already recorded)
  [360/495] tsxtract_matched_tsfresh     100x5000   ar1           skip (already recorded)
  [361/495] antropy                    100x5000   ar1           skip (already recorded)
  [362/495] tsflex                     100x5000   ar1           skip (already recorded)
  [363/495] sktime_catch22             100x5000   ar1           skip (already recorded)
  [364/495] catch22                    100x5000   heavy_tailed  skip (already recorded)
  [365/495] tsfel                      100x5000   heavy_tailed  skip (already recorded)
  [366/495] tsfel_matched              100x5000   heavy_tailed  skip (already recorded)
  [367/495] tsxtract_matched_tsfel     100x5000   heavy_tailed  skip (already recorded)
  [368/495] tsfresh_e2e                100x5000   heavy_tailed  skip (already recorded)
  [369/495] tsfresh_extract_only       100x5000   heavy_tailed  skip (already recorded)
  [370/495] tsfresh_matched            100x5000   heavy_tailed  skip (already recorded)
  [371/495] tsxtract_matched_tsfresh     100x5000   heavy_tailed  skip (already recorded)
  [372/495] antropy                    100x5000   heavy_tailed  skip (already recorded)
  [373/495] tsflex                     100x5000   heavy_tailed  skip (already recorded)
  [374/495] sktime_catch22             100x5000   heavy_tailed  skip (already recorded)
  [375/495] catch22                    100x5000   sinusoid      skip (already recorded)
  [376/495] tsfel                      100x5000   sinusoid      skip (already recorded)
  [377/495] tsfel_matched              100x5000   sinusoid      skip (already recorded)
  [378/495] tsxtract_matched_tsfel     100x5000   sinusoid      skip (already recorded)
  [379/495] tsfresh_e2e                100x5000   sinusoid      skip (already recorded)
  [380/495] tsfresh_extract_only       100x5000   sinusoid      skip (already recorded)
  [381/495] tsfresh_matched            100x5000   sinusoid      skip (already recorded)
  [382/495] tsxtract_matched_tsfresh     100x5000   sinusoid      skip (already recorded)
  [383/495] antropy                    100x5000   sinusoid      skip (already recorded)
  [384/495] tsflex                     100x5000   sinusoid      skip (already recorded)
  [385/495] sktime_catch22             100x5000   sinusoid      skip (already recorded)
  [386/495] catch22                      1x100    gaussian      skip (already recorded)
  [387/495] tsfel                        1x100    gaussian      skip (already recorded)
  [388/495] tsfel_matched                1x100    gaussian      skip (already recorded)
  [389/495] tsxtract_matched_tsfel       1x100    gaussian      skip (already recorded)
  [390/495] tsfresh_e2e                  1x100    gaussian      skip (already recorded)
  [391/495] tsfresh_extract_only         1x100    gaussian      skip (already recorded)
  [392/495] tsfresh_matched              1x100    gaussian      skip (already recorded)
  [393/495] tsxtract_matched_tsfresh       1x100    gaussian      skip (already recorded)
  [394/495] antropy                      1x100    gaussian      skip (already recorded)
  [395/495] tsflex                       1x100    gaussian      skip (already recorded)
  [396/495] sktime_catch22               1x100    gaussian      skip (already recorded)
  [397/495] catch22                      1x100    random_walk   skip (already recorded)
  [398/495] tsfel                        1x100    random_walk   skip (already recorded)
  [399/495] tsfel_matched                1x100    random_walk   skip (already recorded)
  [400/495] tsxtract_matched_tsfel       1x100    random_walk   skip (already recorded)
  [401/495] tsfresh_e2e                  1x100    random_walk   skip (already recorded)
  [402/495] tsfresh_extract_only         1x100    random_walk   skip (already recorded)
  [403/495] tsfresh_matched              1x100    random_walk   skip (already recorded)
  [404/495] tsxtract_matched_tsfresh       1x100    random_walk   skip (already recorded)
  [405/495] antropy                      1x100    random_walk   skip (already recorded)
  [406/495] tsflex                       1x100    random_walk   skip (already recorded)
  [407/495] sktime_catch22               1x100    random_walk   skip (already recorded)
  [408/495] catch22                      1x100    ar1           skip (already recorded)
  [409/495] tsfel                        1x100    ar1           skip (already recorded)
  [410/495] tsfel_matched                1x100    ar1           skip (already recorded)
  [411/495] tsxtract_matched_tsfel       1x100    ar1           skip (already recorded)
  [412/495] tsfresh_e2e                  1x100    ar1           skip (already recorded)
  [413/495] tsfresh_extract_only         1x100    ar1           skip (already recorded)
  [414/495] tsfresh_matched              1x100    ar1           skip (already recorded)
  [415/495] tsxtract_matched_tsfresh       1x100    ar1           skip (already recorded)
  [416/495] antropy                      1x100    ar1           skip (already recorded)
  [417/495] tsflex                       1x100    ar1           skip (already recorded)
  [418/495] sktime_catch22               1x100    ar1           skip (already recorded)
  [419/495] catch22                      1x100    heavy_tailed  skip (already recorded)
  [420/495] tsfel                        1x100    heavy_tailed  skip (already recorded)
  [421/495] tsfel_matched                1x100    heavy_tailed  skip (already recorded)
  [422/495] tsxtract_matched_tsfel       1x100    heavy_tailed  skip (already recorded)
  [423/495] tsfresh_e2e                  1x100    heavy_tailed  skip (already recorded)
  [424/495] tsfresh_extract_only         1x100    heavy_tailed  skip (already recorded)
  [425/495] tsfresh_matched              1x100    heavy_tailed  skip (already recorded)
  [426/495] tsxtract_matched_tsfresh       1x100    heavy_tailed  skip (already recorded)
  [427/495] antropy                      1x100    heavy_tailed  skip (already recorded)
  [428/495] tsflex                       1x100    heavy_tailed  skip (already recorded)
  [429/495] sktime_catch22               1x100    heavy_tailed  skip (already recorded)
  [430/495] catch22                      1x100    sinusoid      skip (already recorded)
  [431/495] tsfel                        1x100    sinusoid      skip (already recorded)
  [432/495] tsfel_matched                1x100    sinusoid      skip (already recorded)
  [433/495] tsxtract_matched_tsfel       1x100    sinusoid      skip (already recorded)
  [434/495] tsfresh_e2e                  1x100    sinusoid      skip (already recorded)
  [435/495] tsfresh_extract_only         1x100    sinusoid      skip (already recorded)
  [436/495] tsfresh_matched              1x100    sinusoid      skip (already recorded)
  [437/495] tsxtract_matched_tsfresh       1x100    sinusoid      skip (already recorded)
  [438/495] antropy                      1x100    sinusoid      skip (already recorded)
  [439/495] tsflex                       1x100    sinusoid      skip (already recorded)
  [440/495] sktime_catch22               1x100    sinusoid      skip (already recorded)
  [441/495] catch22                      1x10000  gaussian      skip (already recorded)
  [442/495] tsfel                        1x10000  gaussian      skip (already recorded)
  [443/495] tsfel_matched                1x10000  gaussian      skip (already recorded)
  [444/495] tsxtract_matched_tsfel       1x10000  gaussian      skip (already recorded)
  [445/495] tsfresh_e2e                  1x10000  gaussian      skip (already recorded)
  [446/495] tsfresh_extract_only         1x10000  gaussian      skip (already recorded)
  [447/495] tsfresh_matched              1x10000  gaussian      skip (already recorded)
  [448/495] tsxtract_matched_tsfresh       1x10000  gaussian      skip (already recorded)
  [449/495] antropy                      1x10000  gaussian      skip (already recorded)
  [450/495] tsflex                       1x10000  gaussian      skip (already recorded)
  [451/495] sktime_catch22               1x10000  gaussian      skip (already recorded)
  [452/495] catch22                      1x10000  random_walk   skip (already recorded)
  [453/495] tsfel                        1x10000  random_walk   skip (already recorded)
  [454/495] tsfel_matched                1x10000  random_walk   skip (already recorded)
  [455/495] tsxtract_matched_tsfel       1x10000  random_walk   skip (already recorded)
  [456/495] tsfresh_e2e                  1x10000  random_walk   skip (already recorded)
  [457/495] tsfresh_extract_only         1x10000  random_walk   skip (already recorded)
  [458/495] tsfresh_matched              1x10000  random_walk   (timeout 90s)... ok       median=   9204.28 ms n_feat=13 µs/sf=708021.615
  [459/495] tsxtract_matched_tsfresh       1x10000  random_walk   (timeout 90s)... ok       median=      0.99 ms n_feat=13 µs/sf=76.315
  [460/495] antropy                      1x10000  random_walk   (timeout 90s)... ok       median=    394.11 ms n_feat=8 µs/sf=49263.944
  [461/495] tsflex                       1x10000  random_walk   (timeout 90s)... ok       median=      6.00 ms n_feat=7 µs/sf=857.014
  [462/495] sktime_catch22               1x10000  random_walk   (timeout 90s)... ok       median=    234.70 ms n_feat=22 µs/sf=10668.000
  [463/495] catch22                      1x10000  ar1           (timeout 90s)... ok       median=     35.83 ms n_feat=22 µs/sf=1628.416
  [464/495] tsfel                        1x10000  ar1           (timeout 90s)... ok       median=   4134.71 ms n_feat=156 µs/sf=26504.569
  [465/495] tsfel_matched                1x10000  ar1           (timeout 90s)... ok       median=   2791.52 ms n_feat=13 µs/sf=214732.177
  [466/495] tsxtract_matched_tsfel       1x10000  ar1           (timeout 90s)... ok       median=      0.70 ms n_feat=13 µs/sf=53.538
  [467/495] tsfresh_e2e                  1x10000  ar1           (timeout 90s)... ok       median=   9210.65 ms n_feat=777 µs/sf=11854.114
  [468/495] tsfresh_extract_only         1x10000  ar1           (timeout 90s)... ok       median=   8879.47 ms n_feat=777 µs/sf=11427.894
  [469/495] tsfresh_matched              1x10000  ar1           (timeout 90s)... ok       median=  10632.29 ms n_feat=13 µs/sf=817868.754
  [470/495] tsxtract_matched_tsfresh       1x10000  ar1           (timeout 90s)... ok       median=      0.87 ms n_feat=13 µs/sf=66.692
  [471/495] antropy                      1x10000  ar1           (timeout 90s)... ok       median=    276.33 ms n_feat=8 µs/sf=34540.844
  [472/495] tsflex                       1x10000  ar1           (timeout 90s)... ok       median=      5.64 ms n_feat=7 µs/sf=806.029
  [473/495] sktime_catch22               1x10000  ar1           (timeout 90s)... ok       median=     33.12 ms n_feat=22 µs/sf=1505.332
  [474/495] catch22                      1x10000  heavy_tailed  (timeout 90s)... ok       median=     42.41 ms n_feat=22 µs/sf=1927.891
  [475/495] tsfel                        1x10000  heavy_tailed  (timeout 90s)... ok       median=   2895.13 ms n_feat=156 µs/sf=18558.534
  [476/495] tsfel_matched                1x10000  heavy_tailed  (timeout 90s)... ok       median=   2963.89 ms n_feat=13 µs/sf=227991.619
  [477/495] tsxtract_matched_tsfel       1x10000  heavy_tailed  (timeout 90s)... ok       median=      0.73 ms n_feat=13 µs/sf=56.081
  [478/495] tsfresh_e2e                  1x10000  heavy_tailed  (timeout 90s)... ok       median=   7497.23 ms n_feat=777 µs/sf=9648.942
  [479/495] tsfresh_extract_only         1x10000  heavy_tailed  (timeout 90s)... ok       median=   7441.82 ms n_feat=777 µs/sf=9577.634
  [480/495] tsfresh_matched              1x10000  heavy_tailed  (timeout 90s)... ok       median=   6966.63 ms n_feat=13 µs/sf=535894.762
  [481/495] tsxtract_matched_tsfresh       1x10000  heavy_tailed  (timeout 90s)... ok       median=      0.92 ms n_feat=13 µs/sf=70.873
  [482/495] antropy                      1x10000  heavy_tailed  (timeout 90s)... ok       median=    279.56 ms n_feat=8 µs/sf=34945.006
  [483/495] tsflex                       1x10000  heavy_tailed  (timeout 90s)... ok       median=      5.09 ms n_feat=7 µs/sf=726.771
  [484/495] sktime_catch22               1x10000  heavy_tailed  (timeout 90s)... ok       median=     39.89 ms n_feat=22 µs/sf=1813.236
  [485/495] catch22                      1x10000  sinusoid      (timeout 90s)... ok       median=     33.52 ms n_feat=22 µs/sf=1523.618
  [486/495] tsfel                        1x10000  sinusoid      (timeout 90s)... ok       median=   2070.43 ms n_feat=156 µs/sf=13271.968
  [487/495] tsfel_matched                1x10000  sinusoid      (timeout 90s)... ok       median=   1996.51 ms n_feat=13 µs/sf=153577.677
  [488/495] tsxtract_matched_tsfel       1x10000  sinusoid      (timeout 90s)... ok       median=      0.76 ms n_feat=13 µs/sf=58.412
  [489/495] tsfresh_e2e                  1x10000  sinusoid      (timeout 90s)... ok       median=   7303.37 ms n_feat=777 µs/sf=9399.453
  [490/495] tsfresh_extract_only         1x10000  sinusoid      (timeout 90s)... ok       median=   7272.81 ms n_feat=777 µs/sf=9360.116
  [491/495] tsfresh_matched              1x10000  sinusoid      (timeout 90s)... ok       median=   6568.05 ms n_feat=13 µs/sf=505234.292
  [492/495] tsxtract_matched_tsfresh       1x10000  sinusoid      (timeout 90s)... ok       median=      0.68 ms n_feat=13 µs/sf=52.462
  [493/495] antropy                      1x10000  sinusoid      (timeout 90s)... ok       median=    704.80 ms n_feat=8 µs/sf=88100.112
  [494/495] tsflex                       1x10000  sinusoid      (timeout 90s)... ok       median=      5.41 ms n_feat=7 µs/sf=772.836
  [495/495] sktime_catch22               1x10000  sinusoid      (timeout 90s)... ok       median=     21.74 ms n_feat=22 µs/sf=988.186

Done. Rows appended to F:\Active Repo\Tsxtract\benches\results\throughput_competitors.jsonl
